File name;Sa;Sz;Str;Spc;Sdr;Sq;Ssk;Sku;Sp;Sv;Sal;Std;Sdq;Spd;Sk;Spk;Svk;Smr1;Smr2;Sxp;Vvv;Vvc;Vmp;Vmc;Area size;Class_1;Class_2
20240715113306_Y1_X1;9,310;160,990;0,351;644,548;0,3932;11,427;-0,296;2,846;83,487;77,503;379,543;90,000;1,021;3838,529;30,996;7,428;11,480;5,752;88,660;18,551;1,363;13,003;0,398;10,980;5698488,305;12;12
20240715113306_Y1_X2;8,325;169,683;0,309;640,150;0,3655;10,456;-0,310;3,440;114,490;55,193;330,609;90,000;0,985;3569,424;26,344;8,421;12,055;6,901;87,593;17,218;1,319;11,519;0,423;9,685;5698488,305;12;12
20240715113306_Y1_X3;8,073;111,428;0,297;711,040;0,4921;10,185;-0,442;3,311;48,293;63,135;312,206;90,000;1,149;4486,492;25,253;7,572;12,464;7,134;86,870;16,688;1,379;11,097;0,391;9,316;5698488,305;12;12
20240715113306_Y1_X4;7,318;256,658;0,325;611,394;0,3454;9,340;-0,318;4,592;200,464;56,193;336,372;90,000;0,959;3515,427;22,262;7,783;11,489;7,833;86,442;15,364;1,247;10,089;0,392;8,376;5698488,305;12;12
20240715113306_Y1_X5;7,072;119,284;0,279;697,807;0,4632;8,864;-0,294;3,143;65,869;53,416;291,093;90,000;1,115;4497,925;22,449;6,899;10,029;7,486;87,636;14,981;1,136;9,947;0,355;8,158;5698488,305;12;12
20240715113306_Y1_X6;7,009;147,077;0,287;664,583;0,4178;8,930;-0,442;3,607;88,519;58,558;270,499;90,000;1,052;4116,077;21,238;7,000;11,513;7,954;86,410;14,570;1,235;9,635;0,360;7,976;5698488,305;12;12
20240715113306_Y1_X7;6,243;105,484;0,635;645,156;0,3844;8,040;-0,246;3,822;53,916;51,568;237,685;0,000;1,011;3940,895;18,704;7,573;9,893;8,878;86,425;13,742;1,083;8,719;0,380;7,047;5698488,305;12;12
20240715113306_Y1_X8;5,626;111,603;0,515;556,309;0,2600;7,287;-0,507;4,001;34,572;77,031;188,049;0,000;0,823;3108,076;16,455;6,338;10,234;8,605;86,000;12,041;1,059;7,638;0,321;6,263;5698488,305;12;12
20240715113306_Y1_X9;6,013;155,609;0,378;598,540;0,3143;7,614;-0,292;3,778;108,978;46,632;223,412;0,000;0,909;3562,917;18,731;6,312;9,028;7,468;87,084;12,529;1,002;8,311;0,319;6,888;5698488,305;12;12
20240715113306_Y2_X1;9,316;119,881;0,344;707,720;0,4988;11,456;-0,207;3,043;56,377;63,504;375,731;90,000;1,155;4482,447;31,119;8,570;10,660;6,865;89,958;19,976;1,239;13,453;0,453;10,998;5698488,305;12;12
20240715113306_Y2_X2;7,964;115,690;0,288;626,968;0,3487;9,944;-0,282;3,195;59,930;55,759;302,659;90,000;0,960;3480,074;25,295;7,915;10,655;7,352;87,551;16,908;1,213;11,202;0,408;9,301;5698488,305;12;12
20240715113306_Y2_X3;7,640;138,776;0,294;667,124;0,4256;9,630;-0,298;3,493;72,681;66,095;312,797;90,000;1,067;4083,538;24,268;8,232;10,975;7,651;88,311;16,706;1,193;10,751;0,421;8,765;5698488,305;12;12
20240715113306_Y2_X4;7,267;115,820;0,243;706,157;0,4883;9,236;-0,387;3,788;52,490;63,330;255,590;90,000;1,145;4533,102;22,653;7,861;11,095;7,685;87,541;15,658;1,194;10,098;0,399;8,319;5698488,305;12;12
20240715113306_Y2_X5;6,861;172,945;0,335;590,216;0,2990;8,665;-0,364;3,789;125,447;47,498;354,210;90,000;0,885;3262,152;21,606;6,987;10,235;7,230;87,625;14,425;1,116;9,488;0,357;7,885;5698488,305;12;12
20240715113306_Y2_X6;6,962;145,285;0,238;445,860;0,1471;8,827;-0,252;3,430;50,804;94,481;250,619;90,000;0,604;1521,939;21,185;8,213;10,098;8,481;86,665;15,641;1,115;9,789;0,414;8,006;5698488,305;12;12
20240715113306_Y2_X7;5,704;129,582;0,434;529,442;0,2369;7,242;-0,275;3,520;87,029;42,553;273,470;90,000;0,781;2853,394;18,081;6,204;8,597;8,466;88,729;12,779;0,924;8,192;0,316;6,448;5698488,305;12;12
20240715113306_Y2_X8;5,579;174,791;0,575;537,152;0,2335;7,213;-0,427;4,008;66,223;108,569;126,355;0,000;0,775;2725,349;16,761;6,383;9,437;9,111;87,013;12,526;0,997;7,837;0,323;6,230;5698488,305;12;12
20240715113306_Y2_X9;5,471;125,121;0,658;647,639;0,3673;7,045;-0,228;3,875;76,825;48,296;78,785;1,700;0,990;3702,394;16,828;6,959;8,493;9,388;88,344;13,003;0,898;7,900;0,349;6,102;5698488,305;12;12
20240715113306_Y3_X1;9,379;124,515;0,303;633,438;0,3610;11,534;-0,235;2,847;62,139;62,376;326,266;90,000;0,979;3422,032;30,086;8,708;11,388;6,852;87,753;19,452;1,314;13,198;0,454;11,153;5698488,305;12;12
20240715113306_Y3_X2;8,338;179,199;0,253;732,464;0,5541;10,486;-0,116;3,588;123,981;55,218;267,036;90,000;1,220;4682,077;26,694;9,160;11,045;8,079;88,630;18,435;1,245;12,003;0,466;9,616;5698488,305;12;12
20240715113306_Y3_X3;7,693;137,644;0,324;686,926;0,4730;9,676;-0,242;3,310;63,364;74,280;344,530;90,000;1,126;4465,914;24,708;8,362;10,710;7,749;88,706;17,029;1,182;10,920;0,429;8,839;5698488,305;12;12
20240715113306_Y3_X4;7,611;146,944;0,279;651,721;0,4224;9,569;-0,232;3,256;74,546;72,398;290,410;90,000;1,062;4088,639;24,076;8,107;10,360;8,448;88,300;17,029;1,154;10,996;0,416;8,780;5698488,305;12;12
20240715113306_Y3_X5;7,617;171,604;0,349;679,862;0,4478;9,568;-0,183;3,279;109,069;62,535;368,252;90,000;1,091;4375,508;24,115;8,305;10,071;8,440;88,125;17,073;1,153;11,010;0,424;8,771;5698488,305;12;12
20240715113306_Y3_X6;6,934;111,006;0,312;636,561;0,3854;8,722;-0,283;3,381;56,015;54,991;328,288;90,000;1,010;4068,588;21,790;7,577;9,832;7,450;87,440;14,943;1,104;9,621;0,385;7,961;5698488,305;12;12
20240715113306_Y3_X7;6,340;183,326;0,352;631,398;0,3762;8,073;-0,102;3,609;91,733;91,594;160,159;90,000;0,995;3963,408;20,071;7,792;8,914;9,714;89,521;15,325;0,981;9,418;0,391;7,059;5698488,305;12;12
20240715113306_Y3_X8;6,114;212,593;0,834;698,246;0,4815;7,854;-0,117;4,208;123,829;88,765;97,120;90,000;1,137;4464,331;19,050;7,969;9,042;9,539;88,989;14,957;0,974;8,918;0,400;6,790;5698488,305;12;12
20240715113306_Y3_X9;5,709;124,762;0,923;604,587;0,3288;7,497;-0,334;4,152;56,960;67,801;92,222;180,000;0,928;3636,261;16,845;7,476;10,301;10,577;87,823;13,814;1,042;8,276;0,371;6,174;5698488,305;12;12
20240715113306_Y4_X1;9,679;156,577;0,345;738,888;0,5671;12,161;0,002;3,556;87,754;68,823;373,452;90,000;1,230;4828,062;30,642;12,274;11,860;8,199;88,555;22,328;1,344;13,919;0,612;11,219;5698488,305;12;12
20240715113306_Y4_X2;8,637;129,469;0,307;700,907;0,5079;10,774;-0,203;3,114;58,428;71,041;324,594;90,000;1,164;4586,747;28,409;8,642;10,967;7,758;89,364;19,160;1,282;12,526;0,448;9,950;5698488,305;12;12
20240715113306_Y4_X3;7,918;156,061;0,385;689,080;0,4782;9,901;-0,102;3,101;102,768;53,293;402,492;90,000;1,124;4474,180;26,199;8,393;10,241;8,860;90,754;18,489;1,147;11,857;0,431;8,940;5698488,305;12;12
20240715113306_Y4_X4;7,519;212,346;0,436;690,265;0,5214;9,459;-0,071;3,409;69,354;142,991;354,439;90,000;1,178;4869,747;23,971;8,926;9,535;8,722;88,894;17,474;1,088;10,999;0,451;8,646;5698488,305;12;12
20240715113306_Y4_X5;7,575;203,376;0,320;674,594;0,4578;9,601;-0,185;3,582;149,532;53,844;332,032;90,000;1,098;4489,131;23,569;8,447;10,810;9,326;88,103;17,262;1,195;11,085;0,427;8,618;5698488,305;12;12
20240715113306_Y4_X6;7,178;157,690;0,217;698,797;0,5193;9,224;-0,104;3,861;95,870;61,820;161,253;90,000;1,173;4791,654;21,975;9,311;10,269;10,556;88,606;17,665;1,122;10,750;0,462;8,033;5698488,305;12;12
20240715113306_Y4_X7;6,509;132,192;0,326;372,116;0,1079;8,380;0,116;4,648;77,242;54,950;185,076;90,000;0,509;975,286;20,159;9,105;8,593;10,049;89,198;16,155;0,970;9,580;0,456;7,250;5698488,305;12;12
20240715113306_Y4_X8;6,498;312,115;0,529;668,849;0,4473;8,260;0,003;3,924;115,670;196,445;118,494;180,000;1,091;4373,222;20,443;8,185;8,456;10,401;89,595;15,820;0,959;9,845;0,408;7,272;5698488,305;12;12
20240715113306_Y4_X9;5,920;105,367;0,843;323,435;0,08760;7,767;-0,006;4,821;63,483;41,884;105,971;180,000;0,449;656,405;17,802;8,528;9,306;10,255;88,202;14,344;0,997;8,587;0,426;6,448;5698488,305;12;12
20240715113306_Y5_X1;10,548;160,524;0,378;709,599;0,5339;13,156;-0,042;3,486;95,375;65,148;401,386;90,000;1,190;4616,120;34,527;11,590;12,170;7,948;89,561;23,940;1,428;15,432;0,589;12,360;5698488,305;12;12
20240715113306_Y5_X2;8,602;218,712;0,366;647,865;0,4188;10,708;0,032;3,278;153,332;65,380;382,315;90,000;1,050;4132,083;28,991;9,957;9,595;8,314;91,259;20,556;1,155;12,859;0,507;9,795;5698488,305;12;12
20240715113306_Y5_X3;8,304;179,402;0,374;714,381;0,5335;10,647;0,418;6,682;112,471;66,931;388,136;90,000;1,187;4827,359;26,981;11,521;10,069;8,064;89,918;19,130;1,144;11,993;0,569;9,508;5698488,305;12;12
20240715113306_Y5_X4;7,734;104,614;0,501;704,346;0,5285;9,796;-0,030;3,415;55,724;48,891;355,282;90,000;1,187;4883,994;24,284;9,821;9,887;9,193;88,549;18,329;1,132;11,350;0,494;8,842;5698488,305;12;12
20240715113306_Y5_X5;7,488;188,588;0,659;621,397;0,3994;9,508;-0,188;3,566;133,883;54,705;439,152;90,000;1,025;4111,856;23,627;8,496;10,367;9,817;89,046;17,708;1,158;11,191;0,426;8,458;5698488,305;12;12
20240715113306_Y5_X6;7,719;154,975;0,561;645,551;0,4416;9,716;-0,145;3,490;70,774;84,201;257,448;90,000;1,080;4288,269;25,052;8,329;10,249;9,584;90,699;18,154;1,104;11,661;0,420;8,748;5698488,305;12;12
20240715113306_Y5_X7;7,559;148,828;0,449;679,048;0,5123;9,628;0,121;4,292;94,088;54,740;194,762;180,000;1,163;4627,377;24,261;9,868;9,463;9,871;90,448;18,622;1,078;11,407;0,494;8,437;5698488,305;12;12
20240715113306_Y5_X8;6,610;183,731;0,502;286,966;0,09626;8,598;0,704;9,933;117,663;66,068;136,491;180,000;0,474;521,853;21,148;9,684;8,255;8,874;89,895;15,800;0,936;9,659;0,479;7,433;5698488,305;12;12
20240715113306_Y5_X9;6,224;109,020;0,647;570,225;0,2950;7,972;-0,197;3,575;71,812;37,208;131,164;180,000;0,877;3365,749;19,214;7,668;9,218;9,695;88,279;14,939;1,006;9,111;0,385;6,979;5698488,305;12;12
20240715113306_Y6_X1;10,614;247,844;0,399;679,447;0,4845;13,112;-0,037;2,949;64,473;183,371;420,903;90,000;1,140;4279,651;34,477;10,890;11,379;8,752;89,319;23,958;1,383;15,924;0,561;12,513;5698488,305;12;12
20240715113306_Y6_X2;8,947;116,367;0,379;611,582;0,3510;11,258;0,021;3,198;59,756;56,612;392,861;90,000;0,963;3633,798;28,516;10,683;10,945;10,531;90,295;21,982;1,269;13,691;0,529;10,033;5698488,305;12;12
20240715113306_Y6_X3;8,642;173,568;0,518;717,948;0,5441;11,001;0,230;5,224;104,495;69,073;441,275;90,000;1,204;4811,881;28,408;11,091;10,741;8,244;90,413;20,084;1,236;12,618;0,549;9,742;5698488,305;12;12
20240715113306_Y6_X4;8,140;145,033;0,567;677,822;0,4905;10,330;0,093;4,106;84,664;60,369;377,452;180,000;1,139;4674,338;26,266;10,064;10,440;9,155;90,008;19,155;1,188;12,069;0,505;9,150;5698488,305;12;12
20240715113306_Y6_X5;8,693;154,191;0,698;720,320;0,5669;10,770;-0,170;3,017;54,277;99,914;439,143;180,000;1,222;5193,553;29,032;8,531;10,754;7,215;90,034;19,054;1,235;12,572;0,444;10,084;5698488,305;12;12
20240715113306_Y6_X6;7,857;244,247;0,561;623,006;0,4198;9,928;-0,013;3,558;93,288;150,959;426,360;180,000;1,048;4288,445;25,097;9,463;9,767;10,207;89,991;19,250;1,123;12,004;0,472;8,857;5698488,305;12;12
20240715113306_Y6_X7;8,190;247,513;0,554;727,447;0,6028;10,492;0,101;5,087;102,739;144,774;336,511;180,000;1,263;5324,060;26,046;10,114;10,973;9,669;89,784;19,377;1,202;12,259;0,507;9,252;5698488,305;12;12
20240715113306_Y6_X8;7,027;160,418;0,325;378,569;0,1170;8,818;0,300;6,474;122,145;38,274;274,494;0,000;0,533;1000,086;23,484;7,893;7,914;8,835;91,303;16,543;0,940;10,631;0,399;7,998;5698488,305;12;12
20240715113306_Y6_X9;7,191;126,449;0,149;650,296;0,4595;9,110;0,006;3,667;55,771;70,678;206,011;0,000;1,093;4691,751;22,934;9,105;9,093;10,565;90,706;18,132;1,020;11,022;0,451;7,981;5698488,305;12;12
20240715113306_Y7_X1;10,912;131,191;0,408;721,122;0,5637;13,574;0,084;2,979;80,183;51,008;430,778;90,000;1,227;4846,530;35,794;14,088;11,178;8,432;89,995;26,781;1,399;16,126;0,713;12,663;5698488,305;12;12
20240715113306_Y7_X2;9,549;135,437;0,403;699,399;0,4942;12,050;0,050;3,593;77,543;57,894;362,603;180,000;1,146;4487,723;31,041;11,705;11,617;9,316;90,360;22,924;1,363;14,291;0,588;10,725;5698488,305;12;12
20240715113306_Y7_X3;8,964;131,377;0,418;710,256;0,5268;11,186;0,055;3,105;63,597;67,780;348,922;180,000;1,186;4690,871;29,656;10,646;10,068;9,294;91,258;21,878;1,205;13,585;0,537;10,111;5698488,305;12;12
20240715113306_Y7_X4;8,910;125,031;0,356;645,147;0,4263;11,130;-0,022;3,022;75,121;49,911;371,374;180,000;1,064;4160,752;29,154;9,964;10,503;9,239;90,320;21,176;1,243;13,457;0,503;10,150;5698488,305;12;12
20240715113306_Y7_X5;8,579;108,894;0,500;637,174;0,4100;10,744;-0,076;3,081;57,367;51,527;418,180;180,000;1,040;4166,732;27,238;9,251;11,260;10,983;90,554;20,609;1,258;13,171;0,452;9,509;5698488,305;12;12
20240715113306_Y7_X6;8,739;105,320;0,307;677,674;0,4739;10,867;0,006;2,932;60,498;44,823;398,614;180,000;1,118;4636,523;28,836;9,500;9,561;9,284;90,508;20,755;1,186;13,315;0,481;10,026;5698488,305;12;12
20240715113306_Y7_X7;8,320;150,001;0,404;633,038;0,4273;10,351;0,058;3,171;73,091;76,910;388,785;0,000;1,059;4431,616;27,890;9,320;9,137;8,978;91,452;19,749;1,106;12,656;0,471;9,425;5698488,305;12;12
20240715113306_Y7_X8;8,078;172,773;0,236;707,482;0,5742;10,158;0,049;3,730;97,917;74,856;325,602;180,000;1,231;5323,005;26,163;9,539;10,090;10,291;91,242;19,802;1,113;12,415;0,474;9,037;5698488,305;12;12
20240715113306_Y7_X9;7,796;217,337;0,141;656,811;0,4921;9,822;-0,033;3,523;70,150;147,187;194,186;0,000;1,133;4916,709;25,591;9,161;10,205;9,360;91,103;18,873;1,103;11,791;0,464;8,748;5698488,305;12;12
20240715113306_Y8_X1;11,412;177,055;0,396;722,888;0,5440;14,112;-0,082;2,897;108,868;68,187;412,724;90,000;1,206;4604,160;38,496;11,142;13,209;8,241;91,017;26,197;1,557;17,115;0,582;13,139;5698488,305;12;12
20240715113306_Y8_X2;10,036;213,443;0,503;695,042;0,4745;12,479;0,000;3,869;158,038;55,405;435,942;180,000;1,119;4238,845;33,484;10,234;11,431;7,458;89,812;22,140;1,377;14,657;0,526;11,772;5698488,305;12;12
20240715113306_Y8_X3;9,682;107,277;0,324;277,482;0,09086;11,943;0,094;2,862;55,646;51,630;446,834;0,000;0,455;559,492;32,555;10,371;10,086;9,382;92,256;23,059;1,202;14,946;0,523;11,080;5698488,305;12;12
20240715113306_Y8_X4;9,281;118,390;0,287;737,840;0,5574;11,471;-0,016;2,872;54,341;64,048;395,891;180,000;1,226;4757,180;31,420;9,479;10,057;8,626;91,377;21,692;1,242;14,082;0,487;10,573;5698488,305;12;12
20240715113306_Y8_X5;9,425;135,207;0,297;651,838;0,4284;11,773;0,153;3,128;73,338;61,869;411,029;180,000;1,068;4183,793;31,205;12,004;10,153;9,691;91,862;23,824;1,207;14,490;0,602;10,609;5698488,305;12;12
20240715113306_Y8_X6;9,432;295,963;0,281;658,178;0,4428;11,745;0,006;3,626;83,132;212,831;389,355;0,000;1,082;4404,178;30,817;10,288;10,873;10,930;91,791;22,936;1,254;14,840;0,503;10,514;5698488,305;12;12
20240715113306_Y8_X7;9,384;206,068;0,317;720,074;0,5518;11,876;0,042;4,337;103,181;102,887;437,401;180,000;1,210;4967,012;30,613;10,843;11,978;9,060;90,364;22,001;1,366;13,997;0,546;10,591;5698488,305;12;12
20240715113306_Y8_X8;8,821;137,975;0,258;641,204;0,4146;11,040;-0,101;3,116;76,202;61,774;360,217;180,000;1,045;4215,628;28,812;9,320;11,188;9,605;90,704;20,855;1,257;13,417;0,469;9,977;5698488,305;12;12
20240715113306_Y8_X9;8,564;143,043;0,176;606,848;0,4013;10,795;-0,120;3,340;78,882;64,161;244,404;0,000;1,024;4313,773;27,539;9,579;11,114;9,052;89,183;19,813;1,304;12,642;0,486;9,690;5698488,305;12;12
20240715113306_Y9_X1;11,537;126,303;0,457;638,614;0,3987;14,300;-0,073;2,811;58,456;67,847;477,214;0,000;1,028;3798,076;38,072;11,711;13,105;9,032;90,241;26,924;1,628;17,334;0,603;13,162;5698488,305;12;12
20240715113306_Y9_X2;10,898;204,841;0,328;621,820;0,3760;13,809;0,274;5,373;116,261;88,580;452,791;180,000;1,002;3623,245;35,605;12,562;12,695;9,072;89,854;25,077;1,542;16,338;0,636;12,417;5698488,305;12;12
20240715113306_Y9_X3;9,990;104,180;0,301;308,601;0,08857;12,359;-0,128;2,957;53,670;50,510;416,512;0,000;0,452;502,505;32,935;9,196;13,221;9,668;91,654;22,861;1,420;15,132;0,464;11,129;5698488,305;12;12
20240715113306_Y9_X4;10,437;134,652;0,280;603,678;0,3273;12,764;0,054;2,910;84,309;50,343;386,606;180,000;0,928;3491,859;36,843;10,782;9,997;6,854;92,613;23,646;1,282;15,536;0,555;12,037;5698488,305;12;12
20240715113306_Y9_X5;10,181;137,226;0,233;668,289;0,4362;12,658;-0,209;3,233;54,874;82,353;322,572;180,000;1,081;4218,970;34,480;9,529;13,239;8,136;91,724;23,138;1,410;15,231;0,499;11,662;5698488,305;12;12
20240715113306_Y9_X6;10,108;122,175;0,273;730,417;0,5531;12,519;0,047;2,899;63,808;58,366;376,495;180,000;1,217;4989,349;33,835;11,178;11,029;9,421;92,017;24,471;1,304;15,534;0,566;11,466;5698488,305;12;12
20240715113306_Y9_X7;9,555;179,635;0,271;663,573;0,4346;12,019;0,130;4,631;108,628;71,007;373,990;180,000;1,078;4210,528;31,104;10,240;11,204;9,264;89,875;21,969;1,343;14,431;0,517;10,966;5698488,305;12;12
20240715113306_Y9_X8;9,372;106,317;0,255;643,415;0,4193;11,599;-0,064;2,895;55,496;50,821;355,193;180,000;1,055;4271,736;31,513;9,413;10,664;8,717;91,431;21,807;1,254;14,180;0,483;10,730;5698488,305;12;12
20240715113306_Y9_X9;9,313;197,831;0,256;674,889;0,4893;11,486;0,071;3,047;95,391;102,440;356,163;180,000;1,141;4707,053;32,111;10,318;8,935;7,997;92,258;22,067;1,140;14,099;0,529;10,792;5698488,305;12;12
20240717131043_Y4_X4;12,440;231,546;0,385;750,625;0,6264;16,105;0,665;8,761;167,675;63,871;415,727;90,000;1,274;5759,553;40,837;17,839;15,139;6,713;89,527;25,835;1,782;17,472;0,808;14,206;5698488,305;12;12
20240717131043_Y4_X5;11,221;162,432;0,328;826,775;0,7438;13,933;-0,268;3,112;98,581;63,851;348,894;90,000;1,382;6494,403;36,808;9,895;14,483;6,612;88,361;22,965;1,705;15,826;0,519;13,116;5698488,305;12;12
20240717131043_Y5_X4;13,131;245,397;0,336;857,005;0,8733;18,210;1,847;14,168;175,039;70,358;368,976;90,000;1,531;6826,476;40,211;37,770;12,764;6,068;87,453;26,939;1,591;17,179;1,397;14,962;5698488,305;12;12
20240717131043_Y5_X5;11,242;186,904;0,353;868,729;0,8088;13,875;-0,144;3,024;106,348;80,555;377,628;90,000;1,444;6887,508;36,912;11,127;13,101;6,895;88,912;23,648;1,557;16,078;0,565;13,253;5698488,305;12;12
20240717131043_Y5_X6;10,366;138,633;0,335;748,718;0,6213;12,855;-0,195;3,234;69,507;69,126;357,687;90,000;1,260;6130,320;33,271;10,812;12,703;6,612;87,781;21,426;1,468;14,426;0,542;12,278;5698488,305;12;12
20240717131043_Y5_X7;9,343;104,620;0,343;404,042;0,1423;11,541;-0,246;2,910;55,844;48,776;370,633;90,000;0,588;1950,396;30,874;8,310;11,218;6,570;88,443;19,328;1,368;13,188;0,441;11,006;5698488,305;12;12
20240717131043_Y6_X4;11,271;149,657;0,350;817,685;0,7152;13,757;-0,149;2,986;92,086;57,571;382,583;90,000;1,357;6776,700;37,302;10,642;12,118;5,267;87,970;22,193;1,528;15,478;0,525;13,517;5698488,305;12;12
20240717131043_Y6_X5;10,875;248,378;0,353;803,301;0,7037;13,209;-0,197;2,770;67,337;181,041;385,692;90,000;1,348;6593,075;34,386;9,413;11,875;6,319;86,153;21,357;1,423;15,121;0,497;13,243;5698488,305;12;12
20240717131043_Y6_X6;10,351;264,717;0,296;772,349;0,6546;13,063;-0,188;4,026;186,858;77,858;317,551;90,000;1,294;6109,565;32,286;11,577;13,845;7,369;86,759;21,612;1,582;14,431;0,571;12,141;5698488,305;12;12
20240717131043_Y6_X7;9,828;325,447;0,302;604,571;0,4091;12,195;-0,362;3,275;126,600;198,847;323,409;90,000;1,014;4988,118;31,591;8,927;13,297;6,233;87,676;19,843;1,506;13,539;0,458;11,495;5698488,305;12;12
20240718142535_Y3_X5;14,458;244,667;0,259;1118,113;1,468;18,009;-0,410;2,999;98,065;146,602;277,117;90,000;1,995;7590,875;45,223;11,996;21,129;6,723;86,299;28,779;2,387;19,767;0,642;16,948;5698488,305;12;12
20240718142535_Y3_X6;12,114;188,551;0,208;862,323;0,8657;15,305;-0,277;3,301;89,692;98,859;217,469;90,000;1,506;5871,064;38,041;12,253;17,933;8,250;87,715;26,165;2,001;17,223;0,629;13,805;5698488,305;12;12
20240718142535_Y3_X7;11,481;815,334;0,379;853,929;1,000;14,977;0,730;23,040;719,369;95,966;156,695;90,000;1,639;5606,708;36,669;14,019;16,840;8,144;88,957;25,063;1,853;16,327;0,699;12,827;5698488,305;12;12
20240718142535_Y4_X5;17,928;202,562;0,386;1013,583;1,228;21,722;-0,302;2,648;110,595;91,967;426,746;90,000;1,816;6950,475;55,591;12,550;21,320;5,877;85,043;32,946;2,426;24,641;0,690;22,084;5698488,305;12;12
20240718142535_Y4_X6;12,580;253,288;0,535;1001,223;1,184;15,921;-0,072;3,381;178,697;74,591;255,828;90,000;1,775;6989,170;40,066;15,105;16,919;8,849;89,006;29,251;1,910;18,350;0,759;14,296;5698488,305;12;12
20240718142535_Y4_X7;11,947;199,881;0,395;977,593;1,081;15,006;-0,277;3,141;74,972;124,909;190,391;90,000;1,689;6818,033;38,573;11,735;17,301;7,881;88,808;26,132;1,925;17,097;0,608;13,553;5698488,305;12;12
20240718142535_Y5_X5;17,610;216,392;0,454;1099,063;1,456;22,301;-0,541;3,149;120,088;96,304;478,708;90,000;1,990;7407,778;51,634;14,179;30,433;7,710;84,301;33,708;3,338;23,581;0,752;20,391;5698488,305;12;12
20240718142535_Y5_X6;14,514;156,105;0,429;846,341;0,8428;17,857;-0,133;2,827;92,340;63,764;425,227;0,000;1,483;6049,413;48,904;14,083;16,895;6,690;90,047;31,487;2,024;20,854;0,726;16,873;5698488,305;12;12
20240718142535_Y5_X7;14,257;198,415;0,473;924,984;0,9891;18,207;-0,291;3,730;104,378;94,038;347,461;180,000;1,611;6485,609;44,813;15,466;22,181;10,436;89,859;33,837;2,275;21,535;0,764;15,816;5698488,305;12;12
20240718142535_Y6_X5;16,124;422,028;0,253;995,691;1,254;22,179;2,181;30,735;333,386;88,642;349,859;180,000;1,859;6872,558;51,913;24,926;21,735;6,957;88,775;33,269;2,531;22,221;1,128;18,010;5698488,305;12;12
20240718142535_Y6_X6;15,536;595,834;0,445;1047,949;2,047;29,458;7,374;97,013;512,730;83,104;95,569;0,000;2,456;6664,133;44,410;58,588;18,971;8,354;89,260;34,235;2,145;19,763;2,601;15,396;5698488,305;12;12
20240718142535_Y6_X7;13,531;175,033;0,214;1051,679;1,282;16,865;-0,220;3,032;86,627;88,406;294,943;180,000;1,853;7303,653;42,930;12,999;17,098;8,235;87,589;28,982;2,009;19,593;0,673;15,928;5698488,305;12;12
20240722105723_Y5_X3;16,346;212,486;0,315;1012,527;1,236;20,805;-0,663;3,790;94,986;117,500;338,025;90,000;1,817;7269,708;49,725;12,957;29,268;6,874;86,626;31,534;2,964;21,990;0,689;18,740;5698488,305;12;12
20240722105723_Y5_X4;14,443;191,807;0,351;1024,002;1,257;17,941;-0,388;3,118;72,119;119,688;374,350;90,000;1,831;7387,727;47,128;10,756;19,697;7,164;88,395;29,420;2,275;20,674;0,591;16,766;5698488,305;12;12
20240722105723_Y5_X5;11,748;226,652;0,360;952,914;1,084;14,959;-0,228;3,769;95,079;131,573;161,228;90,000;1,696;6898,413;37,844;14,051;17,215;7,909;89,303;26,824;1,865;16,673;0,706;13,189;5698488,305;12;12
20240722105723_Y5_X6;10,333;201,221;0,819;1092,209;1,429;13,456;0,041;5,066;126,136;75,085;114,979;90,000;1,970;7632,911;31,472;14,371;15,584;9,468;88,009;24,366;1,680;14,849;0,717;11,507;5698488,305;12;12
20240722105723_Y6_X3;15,304;257,435;0,293;1119,459;1,492;19,299;-0,458;3,276;153,880;103,555;312,827;90,000;2,010;7696,406;47,393;13,278;23,969;7,765;86,850;31,596;2,608;21,330;0,701;17,661;5698488,305;12;12
20240722105723_Y6_X4;13,523;297,446;0,226;973,463;1,133;17,088;-0,236;3,140;98,413;199,033;234,878;90,000;1,734;6976,858;42,298;14,310;19,314;9,323;88,006;30,865;2,213;19,722;0,725;15,268;5698488,305;12;12
20240722105723_Y6_X5;11,425;237,964;0,640;1028,009;1,289;14,563;-0,144;3,717;109,505;128,459;148,396;90,000;1,856;7449,463;36,206;13,030;16,844;9,322;89,276;26,304;1,821;16,787;0,657;12,758;5698488,305;12;12
20240722105723_Y6_X6;10,320;183,603;0,837;1056,823;1,365;13,308;-0,313;4,237;96,170;87,433;102,386;90,000;1,916;7565,899;31,968;12,141;16,514;8,732;88,144;23,293;1,746;14,642;0,613;11,548;5698488,305;12;12
20240722105723_Y7_X3;14,700;190,748;0,281;1101,451;1,436;18,058;-0,317;2,871;87,363;103,385;298,542;90,000;1,967;7643,816;47,659;12,215;18,343;6,194;87,639;29,651;2,147;20,345;0,661;17,441;5698488,305;12;12
20240722105723_Y7_X4;13,683;222,624;0,395;1028,549;1,284;17,662;0,236;5,038;128,970;93,654;228,292;90,000;1,861;7197,946;43,464;19,388;18,634;8,716;89,290;31,838;2,070;19,738;0,965;15,296;5698488,305;12;12
20240722105723_Y7_X5;12,966;167,362;0,303;1074,119;1,385;16,555;-0,480;3,480;80,678;86,684;271,173;90,000;1,930;7683,567;40,134;12,185;22,362;8,154;87,516;27,508;2,376;18,035;0,634;14,450;5698488,305;12;12
20240722105723_Y7_X6;10,531;149,424;0,879;1043,660;1,301;13,507;-0,334;3,694;71,027;78,397;127,311;180,000;1,862;7419,210;32,513;11,990;17,021;8,958;88,055;23,969;1,801;15,006;0,608;11,760;5698488,305;12;12
20240722114714_Y4_X3;11,917;203,285;0,378;1042,361;1,309;15,111;-0,464;3,747;92,647;110,638;209,584;90,000;1,870;7594,744;36,768;11,296;19,126;7,079;86,445;23,999;2,109;16,178;0,576;13,621;5698488,305;12;12
20240722114714_Y4_X4;10,780;195,289;0,497;947,419;1,102;13,793;-0,416;4,017;99,920;95,369;124,180;0,000;1,710;6959,093;33,641;10,444;17,800;8,023;87,700;22,611;1,907;15,059;0,542;12,104;5698488,305;12;12
20240722114714_Y4_X5;11,965;172,307;0,630;393,039;0,1176;15,098;-0,123;3,450;85,649;86,657;243,222;180,000;0,530;519,215;38,474;12,817;16,344;10,374;90,554;27,954;1,730;18,508;0,630;13,544;5698488,305;12;12
20240722114714_Y4_X6;13,862;202,582;0,414;563,855;0,3858;17,425;-0,281;3,499;90,482;112,099;431,278;90,000;0,981;4348,070;44,318;14,046;18,272;8,833;88,903;31,114;2,037;20,456;0,723;16,086;5698488,305;12;12
20240722114714_Y5_X3;11,108;164,417;0,221;917,664;1,015;13,953;-0,350;3,340;78,072;86,344;231,173;90,000;1,625;7212,896;35,278;9,932;16,134;7,535;87,761;23,024;1,797;15,682;0,520;12,849;5698488,305;12;12
20240722114714_Y5_X4;10,715;179,898;0,785;1008,595;1,251;13,878;-0,352;4,447;87,053;92,845;120,268;116,400;1,824;7318,076;32,917;12,181;18,196;8,112;87,598;22,734;1,906;14,831;0,610;11,931;5698488,305;12;12
20240722114714_Y5_X5;10,727;294,903;0,752;913,810;1,020;13,805;-0,159;3,719;114,671;180,233;163,823;90,000;1,640;6730,618;32,680;13,526;16,438;10,416;88,380;25,943;1,757;15,922;0,672;11,905;5698488,305;12;12
20240722114714_Y5_X6;13,530;171,485;0,290;1011,015;1,239;16,615;-0,317;2,969;79,623;91,862;310,239;90,000;1,814;7546,727;46,042;10,421;17,590;6,074;90,412;27,952;1,951;19,181;0,589;15,701;5698488,305;12;12
20240722114714_Y6_X3;11,002;154,563;0,292;994,500;1,187;13,805;-0,143;3,101;65,828;88,735;305,475;90,000;1,772;7539,868;35,102;11,580;13,975;9,373;88,817;25,181;1,643;16,387;0,587;12,620;5698488,305;12;12
20240722114714_Y6_X4;10,395;204,134;0,618;1031,163;1,289;13,185;-0,104;3,400;123,808;80,326;153,298;180,000;1,853;7561,854;33,036;12,611;14,277;9,238;89,270;24,813;1,602;15,286;0,633;11,662;5698488,305;12;12
20240722114714_Y6_X5;11,758;308,747;0,598;908,737;1,020;14,761;-0,327;3,329;152,852;155,895;176,675;90,000;1,637;6804,842;38,420;11,184;17,056;7,640;89,375;25,671;1,848;16,849;0,591;13,426;5698488,305;12;12
20240722114714_Y6_X6;12,342;166,589;0,251;816,313;0,8124;15,554;-0,439;3,584;70,688;95,900;270,094;90,000;1,444;6522,017;40,214;10,702;18,932;7,838;89,570;26,429;1,980;17,757;0,574;14,048;5698488,305;12;12
20240722123119_Y4_X3;24,137;284,942;0,339;881,199;0,9140;29,401;-0,233;2,512;101,283;183,659;371,481;90,000;1,549;6045,367;78,818;15,506;26,690;7,847;88,441;48,563;3,209;35,951;0,869;29,249;5698488,305;12;12
20240722123119_Y4_X4;19,751;232,677;0,272;956,019;1,070;25,189;-0,451;3,134;121,117;111,561;293,393;90,000;1,683;6652,876;56,261;18,923;34,256;8,825;83,622;40,459;3,753;26,773;0,965;22,888;5698488,305;12;12
20240722123119_Y4_X5;16,596;180,221;0,317;939,098;1,037;20,620;-0,340;2,938;80,211;100,010;345,137;90,000;1,658;6357,564;53,474;12,829;22,441;7,786;88,215;34,410;2,524;24,025;0,694;19,574;5698488,305;12;12
20240722123119_Y4_X6;13,895;279,546;0,235;1142,169;1,573;17,618;-0,133;3,521;147,606;131,940;246,784;90,000;2,081;7289,407;43,655;16,427;18,793;8,548;87,733;31,551;2,181;19,926;0,830;15,893;5698488,305;12;12
20240722123119_Y5_X3;26,420;193,149;0,328;960,665;1,076;31,567;0,063;2,237;90,452;102,696;356,422;90,000;1,686;6599,407;90,483;19,727;18,793;9,967;93,781;59,619;2,813;41,831;0,988;31,063;5698488,305;12;12
20240722123119_Y5_X4;21,151;197,877;0,365;901,770;0,9553;25,809;-0,090;2,603;93,643;104,235;391,033;90,000;1,586;6208,765;72,934;17,972;20,769;7,467;91,464;46,984;2,649;31,764;0,974;25,075;5698488,305;12;12
20240722123119_Y5_X5;18,443;218,559;0,356;1094,797;1,415;22,615;-0,345;2,826;95,895;122,664;390,522;90,000;1,961;7175,785;59,400;13,822;23,929;6,248;87,598;36,158;2,709;25,655;0,768;21,895;5698488,305;12;12
20240722123119_Y5_X6;13,647;166,604;0,258;1083,852;1,384;16,987;-0,126;3,089;80,884;85,720;268,883;90,000;1,939;7156,261;45,763;13,645;17,860;8,898;91,731;31,907;1,920;20,654;0,700;15,348;5698488,305;12;12
20240722123119_Y6_X3;23,462;214,820;0,344;1048,636;1,320;28,495;-0,055;2,491;88,560;126,260;377,256;90,000;1,887;7237,345;81,004;17,638;23,769;8,873;92,711;52,366;2,889;36,485;0,930;27,193;5698488,305;12;12
20240722123119_Y6_X4;20,245;197,812;0,291;1119,363;1,481;24,791;-0,116;2,638;88,688;109,124;312,345;90,000;2,006;7439,261;68,400;16,614;21,064;8,442;91,010;44,945;2,578;30,916;0,884;23,996;5698488,305;12;12
20240722123119_Y6_X5;18,364;195,410;0,344;978,955;1,117;22,270;-0,079;2,536;108,088;87,322;370,764;90,000;1,720;6706,170;64,671;14,695;17,455;6,583;91,940;39,558;2,295;27,434;0,800;21,617;5698488,305;12;12
20240722123119_Y6_X6;14,274;174,795;0,484;1021,281;1,231;18,407;-0,439;3,793;71,796;103,000;193,253;0,000;1,823;6729,738;42,855;15,523;23,891;9,956;87,204;32,606;2,550;20,603;0,777;15,901;5698488,305;12;12
20240722131752_Y3_X3;7,982;141,204;0,837;841,103;0,7849;10,391;-0,229;4,424;75,818;65,386;85,153;0,000;1,425;6509,705;24,315;10,509;13,135;9,070;88,053;18,466;1,359;11,283;0,526;8,856;5698488,305;12;12
20240722131752_Y3_X4;8,440;177,445;0,864;792,578;0,6967;10,896;-0,394;4,031;101,890;75,555;103,371;69,000;1,338;6092,329;26,091;9,805;14,141;8,741;88,031;19,167;1,501;11,894;0,497;9,286;5698488,305;12;12
20240722131752_Y3_X5;9,031;430,448;0,708;783,534;0,7146;12,475;0,598;13,184;135,857;294,591;115,283;145,300;1,357;6140,170;27,162;14,559;15,387;8,893;88,281;20,257;1,559;12,505;0,709;9,791;5698488,305;12;12
20240722131752_Y4_X3;7,688;130,499;0,859;826,393;0,7464;10,150;-0,567;5,387;59,790;70,710;84,991;108,500;1,386;6504,077;23,186;9,630;13,945;9,219;88,068;17,809;1,388;10,810;0,484;8,414;5698488,305;12;12
20240722131752_Y4_X4;8,230;220,708;0,764;898,571;0,9029;10,879;-0,538;5,829;136,118;84,590;90,911;104,600;1,532;6927,962;24,479;10,350;14,565;9,355;87,301;18,718;1,496;11,539;0,519;9,041;5698488,305;12;12
20240722131752_Y4_X5;7,795;136,266;0,852;784,324;0,6782;10,176;-0,107;4,503;74,443;61,823;92,779;81,500;1,321;6219,494;23,727;11,009;12,345;9,904;88,566;19,184;1,293;11,311;0,551;8,543;5698488,305;12;12
20240722131752_Y5_X3;7,530;139,152;0,880;790,148;0,6723;9,901;0,021;5,604;82,653;56,499;105,136;89,900;1,313;6395,380;22,891;10,703;12,080;8,977;87,902;17,199;1,281;10,589;0,531;8,286;5698488,305;12;12
20240722131752_Y5_X4;7,637;177,676;0,605;787,775;0,6646;9,816;-0,320;3,767;112,623;65,054;103,580;90,000;1,308;6228,816;23,666;8,543;12,392;9,922;88,790;17,826;1,296;11,243;0,428;8,437;5698488,305;12;12
20240722131752_Y5_X5;7,585;189,097;0,890;826,898;0,7463;10,184;-0,781;7,525;82,252;106,844;89,157;0,000;1,386;6563,702;22,896;9,512;15,030;8,912;88,489;17,140;1,430;10,503;0,477;8,158;5698488,305;12;12
20240722131752_Y6_X3;7,116;126,066;0,744;747,814;0,5788;9,278;-0,515;4,560;59,917;66,149;92,619;90,000;1,219;6014,060;21,397;8,384;12,617;8,905;87,380;16,043;1,289;9,931;0,422;7,878;5698488,305;12;12
20240722131752_Y6_X4;7,259;136,623;0,758;789,281;0,6519;9,451;-0,528;5,496;51,676;84,947;121,397;90,000;1,293;6467,493;22,367;8,714;11,840;9,721;88,660;17,134;1,219;10,598;0,438;8,054;5698488,305;12;12
20240722131752_Y6_X5;7,408;152,226;0,736;821,463;0,7079;9,565;-0,233;4,457;78,346;73,880;123,637;0,000;1,347;6595,714;23,165;9,016;11,663;9,362;89,110;17,451;1,211;10,782;0,455;8,233;5698488,305;12;12
20240722135039_Y4_X4;9,796;147,787;0,352;605,234;0,3472;12,325;-0,270;3,396;77,881;69,906;196,655;90,000;0,943;4278,244;31,086;10,171;13,311;8,537;88,463;21,920;1,480;14,199;0,525;11,334;5698488,305;12;12
20240722135039_Y4_X5;9,424;113,387;0,226;737,361;0,5414;11,674;-0,360;2,956;48,471;64,916;237,985;90,000;1,188;5525,273;30,906;7,368;12,928;6,509;88,598;19,138;1,456;13,298;0,398;11,022;5698488,305;12;12
20240722135039_Y4_X6;10,999;182,252;0,231;782,161;0,6030;13,645;-0,192;4,150;112,760;69,492;243,529;90,000;1,249;5681,636;36,802;10,263;14,554;5,600;90,030;21,884;1,570;15,394;0,504;12,772;5698488,305;12;12
20240722135039_Y5_X4;9,345;243,684;0,506;655,135;0,4007;11,642;-0,126;3,231;191,130;52,554;273,386;90,000;1,008;4790,950;30,822;9,923;11,894;7,810;89,821;21,347;1,354;13,596;0,510;10,746;5698488,305;12;12
20240722135039_Y5_X5;10,413;124,233;0,365;583,156;0,3296;12,796;-0,219;2,827;58,564;65,669;385,412;90,000;0,914;4497,925;34,296;8,962;11,890;6,737;88,717;21,521;1,407;14,955;0,473;12,528;5698488,305;12;12
20240722135039_Y5_X6;10,370;114,020;0,218;692,516;0,4765;12,712;-0,118;2,746;55,967;58,054;229,119;90,000;1,110;5312,803;35,559;9,549;10,814;6,850;90,564;22,686;1,389;15,158;0,505;12,142;5698488,305;12;12
20240722135039_Y6_X4;9,633;120,849;0,290;673,708;0,4313;12,062;-0,356;3,345;58,830;62,019;300,649;180,000;1,051;4864,119;30,715;8,805;13,346;7,426;88,020;20,211;1,481;13,679;0,455;11,259;5698488,305;12;12
20240722135039_Y6_X5;10,455;120,041;0,277;615,027;0,3699;13,023;-0,402;3,262;51,706;68,335;289,902;90,000;0,973;4457,119;35,283;8,499;14,558;6,194;89,828;21,855;1,639;14,745;0,457;12,021;5698488,305;12;12
20240722135039_Y6_X6;11,759;173,929;0,282;738,186;0,5501;14,547;-0,275;3,013;109,266;64,663;298,792;90,000;1,189;5664,751;38,135;9,886;15,571;6,582;88,165;23,575;1,770;16,591;0,516;13,818;5698488,305;12;12
20240722135039_Y7_X4;10,643;171,881;0,316;682,557;0,4642;13,356;0,172;4,538;109,823;62,058;332,963;90,000;1,093;5044,753;35,602;11,729;12,418;8,041;91,011;23,701;1,433;15,828;0,590;12,245;5698488,305;12;12
20240722135039_Y7_X5;11,651;152,843;0,325;721,609;0,5282;14,313;-0,119;2,746;94,403;58,440;348,216;90,000;1,167;5572,762;38,780;11,062;12,857;7,388;89,646;25,395;1,562;16,983;0,586;13,699;5698488,305;12;12
20240722135039_Y7_X6;12,299;129,552;0,269;777,878;0,6191;15,130;-0,136;2,775;69,364;60,189;287,191;90,000;1,262;6067,705;41,879;11,665;14,150;6,747;90,379;26,815;1,714;17,733;0,616;14,293;5698488,305;12;12
20241009115642_Y1_X1;9,906;161,405;0,354;660,558;0,6478;12,133;-0,198;3,066;92,733;68,671;388,101;90,000;1,305;5960,766;33,024;8,696;11,688;5,733;89,333;19,780;1,351;13,867;0,451;11,723;5698488,305;12;12
20241009115642_Y1_X2;10,300;154,411;0,295;646,667;0,5993;12,772;-0,407;3,204;70,590;83,822;316,016;90,000;1,250;5730,180;33,608;8,464;14,297;6,028;88,164;20,608;1,614;14,151;0,456;12,010;5698488,305;12;12
20241009115642_Y1_X3;10,477;289,729;0,297;684,839;0,6709;13,089;-0,371;3,256;60,813;228,916;318,218;90,000;1,329;5880,035;33,975;8,821;14,911;7,192;88,425;21,781;1,684;14,870;0,466;12,085;5698488,305;12;12
20241009115642_Y1_X4;8,981;140,480;0,205;553,385;0,4094;11,256;-0,291;3,158;76,051;64,429;213,414;90,000;1,018;4672,755;29,164;8,161;12,701;8,331;89,179;19,600;1,423;13,106;0,426;10,212;5698488,305;12;12
20241009115642_Y1_X5;6,992;170,478;0,903;671,845;0,6458;8,850;-0,330;3,511;113,355;57,123;85,374;90,000;1,301;6017,577;22,180;7,133;10,423;8,490;88,520;15,622;1,134;10,073;0,368;7,935;5698488,305;12;12
20241009115642_Y1_X6;6,541;111,516;0,920;705,727;0,7188;8,341;-0,344;3,725;60,559;50,958;80,584;179,800;1,378;6375,505;20,457;6,974;10,214;8,603;88,183;14,527;1,091;9,342;0,357;7,381;5698488,305;12;12
20241009115642_Y1_X7;7,544;118,735;0,428;684,892;0,6807;9,544;-0,405;3,624;53,158;65,578;183,255;90,000;1,338;6256,782;24,329;7,048;11,754;7,943;89,100;16,401;1,248;10,790;0,369;8,509;5698488,305;12;12
20241009115642_Y1_X8;9,714;120,652;0,292;722,940;0,7501;12,022;-0,282;3,000;44,528;76,124;310,202;90,000;1,410;6392,741;32,408;8,321;12,527;6,869;89,579;20,538;1,438;13,941;0,445;11,289;5698488,305;12;12
20241009115642_Y1_X9;11,749;147,094;0,320;665,009;0,6537;14,433;-0,232;2,770;83,553;63,541;346,620;90,000;1,310;6080,544;38,441;9,734;13,862;7,145;88,548;24,517;1,629;16,894;0,532;14,005;5698488,305;12;12
20241009115642_Y1_X10;13,531;205,276;0,343;694,693;0,7120;16,286;-0,224;2,495;118,616;86,660;375,447;90,000;1,375;6143,863;46,510;9,032;13,565;4,948;89,864;26,491;1,730;19,150;0,517;16,324;5698488,305;12;12
20241009115642_Y1_X11;14,406;158,859;0,344;700,155;0,7022;17,576;-0,323;2,731;60,929;97,930;376,782;90,000;1,359;6118,536;46,945;9,565;16,843;6,365;87,797;28,066;1,968;20,532;0,551;17,491;5698488,305;12;12
20241009115642_Y2_X1;10,094;144,356;0,328;730,131;0,7702;12,609;-0,357;3,417;71,683;72,673;354,928;90,000;1,433;6281,230;33,559;9,255;14,390;6,479;89,564;21,218;1,583;14,180;0,482;11,531;5698488,305;12;12
20241009115642_Y2_X2;10,741;132,980;0,345;729,299;0,7529;13,368;-0,302;3,121;67,055;65,925;371,328;90,000;1,417;6147,733;35,600;9,568;14,913;6,741;89,442;22,380;1,656;15,228;0,504;12,360;5698488,305;12;12
20241009115642_Y2_X3;10,348;146,866;0,311;759,039;0,8134;12,915;-0,306;3,206;58,872;87,994;332,237;90,000;1,473;6374,625;34,532;9,400;14,499;6,937;89,995;21,949;1,597;14,803;0,489;11,816;5698488,305;12;12
20241009115642_Y2_X4;8,815;198,343;0,225;727,941;0,7524;11,122;-0,426;3,404;138,686;59,657;233,623;90,000;1,411;6222,660;27,567;7,775;13,637;8,035;87,506;18,412;1,477;12,466;0,410;10,113;5698488,305;12;12
20241009115642_Y2_X5;7,098;137,916;0,939;718,707;0,7454;9,105;-0,109;3,990;80,544;57,372;99,262;90,000;1,406;6303,392;21,947;8,869;10,445;9,265;88,137;16,509;1,149;10,249;0,445;7,961;5698488,305;12;12
20241009115642_Y2_X6;6,591;143,249;0,854;687,018;0,6863;8,569;-0,275;5,129;85,270;57,979;87,936;0,100;1,343;6272,787;20,277;8,062;10,651;9,331;88,415;15,206;1,109;9,481;0,405;7,320;5698488,305;12;12
20241009115642_Y2_X7;7,770;124,592;0,255;694,442;0,7034;9,761;-0,297;3,404;67,457;57,135;264,199;90,000;1,363;6391,334;24,957;7,152;11,027;7,637;88,226;16,411;1,244;11,059;0,374;8,950;5698488,305;12;12
20241009115642_Y2_X8;10,280;142,116;0,356;633,232;0,5925;12,496;-0,224;2,651;79,441;62,675;384,878;90,000;1,240;6035,869;35,104;7,304;11,482;6,208;90,340;21,110;1,379;14,875;0,418;12,140;5698488,305;12;12
20241009115642_Y2_X9;11,980;121,479;0,325;639,035;0,5927;14,491;-0,172;2,471;61,404;60,075;354,605;90,000;1,238;5913,981;40,398;8,740;11,911;6,348;89,594;24,544;1,488;17,425;0,491;14,543;5698488,305;12;12
20241009115642_Y2_X10;14,071;141,737;0,350;706,773;0,7142;16,926;-0,227;2,428;73,376;68,361;387,071;90,000;1,371;6236,027;49,052;8,675;13,856;4,866;90,320;27,756;1,795;20,069;0,519;16,987;5698488,305;12;12
20241009115642_Y2_X11;14,824;165,618;0,335;731,240;0,7642;18,003;-0,244;2,516;94,574;71,044;368,152;90,000;1,422;6350,529;50,070;9,392;15,355;6,066;88,752;29,526;1,995;21,433;0,550;17,986;5698488,305;12;12
20241009115642_Y3_X1;10,814;140,285;0,315;678,732;0,6583;13,177;-0,235;2,761;58,366;81,919;333,840;90,000;1,314;5932,800;37,838;8,374;12,175;5,482;91,088;22,441;1,477;15,456;0,461;12,662;5698488,305;12;12
20241009115642_Y3_X2;10,954;140,030;0,309;732,376;0,7585;13,499;-0,344;2,927;71,782;68,248;330,462;90,000;1,420;6211,227;34,135;9,278;14,496;6,651;86,242;21,655;1,629;15,070;0,494;13,044;5698488,305;12;12
20241009115642_Y3_X3;10,035;232,352;0,320;723,129;0,7547;12,496;-0,191;3,709;154,309;78,043;347,601;90,000;1,415;6234,444;32,922;9,376;13,158;6,644;88,826;20,720;1,513;14,170;0,480;11,619;5698488,305;12;12
20241009115642_Y3_X4;8,751;128,191;0,268;676,919;0,6661;11,025;-0,407;3,286;55,531;72,660;282,151;90,000;1,321;6146,150;27,766;7,950;13,421;7,562;87,934;18,454;1,464;12,295;0,416;10,007;5698488,305;12;12
20241009115642_Y3_X5;7,151;124,338;0,842;666,816;0,6528;9,188;-0,322;3,957;67,189;57,149;129,499;90,000;1,307;6186,076;22,190;8,098;11,522;9,109;88,399;16,279;1,213;10,298;0,408;7,957;5698488,305;12;12
20241009115642_Y3_X6;6,645;118,544;0,947;699,925;0,7096;8,527;-0,444;3,944;56,803;61,740;89,984;177,300;1,368;6372,163;20,326;6,916;11,072;8,740;87,412;14,525;1,163;9,379;0,354;7,488;5698488,305;12;12
20241009115642_Y3_X7;7,658;153,178;0,170;664,382;0,6438;9,701;-0,310;3,609;76,618;76,560;176,108;90,000;1,295;6230,751;24,079;7,680;11,405;8,751;88,224;16,899;1,245;11,070;0,394;8,723;5698488,305;12;12
20241009115642_Y3_X8;10,147;112,140;0,308;689,329;0,6862;12,455;-0,231;2,754;50,529;61,610;333,225;90,000;1,342;6306,733;33,571;8,319;11,872;7,172;89,210;21,452;1,396;14,729;0,454;12,036;5698488,305;12;12
20241009115642_Y3_X9;12,050;121,730;0,334;684,690;0,6624;14,686;-0,168;2,553;62,016;59,714;363,737;90,000;1,318;6145,974;39,513;10,251;12,620;6,913;88,166;25,262;1,573;17,363;0,551;14,576;5698488,305;12;12
20241009115642_Y3_X10;14,504;187,336;0,344;686,701;0,6821;17,575;-0,232;2,482;54,625;132,712;376,731;90,000;1,340;6125,747;48,420;9,700;15,286;6,363;88,832;29,259;1,879;20,977;0,564;17,629;5698488,305;12;12
20241009115642_Y3_X11;15,601;176,645;0,356;725,070;0,7438;18,597;-0,220;2,398;99,625;77,020;393,488;90,000;1,402;6224,595;52,759;8,846;14,997;5,033;89,640;29,753;1,847;22,249;0,546;18,985;5698488,305;12;12
20241009115642_Y4_X1;9,847;112,435;0,315;618,231;0,5435;12,110;-0,277;2,889;54,854;57,581;342,163;90,000;1,186;5425,370;32,186;8,125;12,290;6,474;88,304;19,930;1,431;13,829;0,442;11,596;5698488,305;12;12
20241009115642_Y4_X2;10,816;177,885;0,295;735,984;0,7667;13,428;-0,402;3,426;103,032;74,854;317,958;90,000;1,427;6275,074;34,428;8,754;14,856;6,295;87,280;21,121;1,655;14,904;0,468;12,753;5698488,305;12;12
20241009115642_Y4_X3;9,791;124,427;0,329;644,736;0,5955;12,196;-0,269;3,101;49,161;75,266;356,698;90,000;1,243;5731,763;32,415;8,782;12,965;8,031;90,097;21,707;1,453;14,374;0,463;11,267;5698488,305;12;12
20241009115642_Y4_X4;8,537;113,837;0,279;697,591;0,7056;10,644;-0,287;3,094;50,547;63,290;297,850;90,000;1,362;6331,181;27,834;7,852;11,232;7,513;88,745;18,447;1,297;12,260;0,411;9,929;5698488,305;12;12
20241009115642_Y4_X5;7,269;99,914;0,257;655,914;0,6320;9,204;-0,290;3,439;43,501;56,413;149,271;90,000;1,283;6169,894;23,232;7,603;10,836;8,557;89,032;16,353;1,172;10,503;0,392;8,197;5698488,305;12;12
20241009115642_Y4_X6;6,660;134,938;0,795;684,273;0,6823;8,465;-0,353;3,911;58,635;76,303;81,573;124,800;1,338;6318,869;20,862;6,912;9,942;8,997;88,113;14,936;1,095;9,655;0,354;7,538;5698488,305;12;12
20241009115642_Y4_X7;7,863;167,077;0,319;679,187;0,6716;9,938;-0,265;3,444;95,196;71,881;171,709;90,000;1,330;6186,076;25,188;8,393;11,254;8,326;88,815;17,680;1,250;11,325;0,430;8,920;5698488,305;12;12
20241009115642_Y4_X8;10,204;108,751;0,305;720,089;0,7310;12,608;-0,245;2,952;45,621;63,131;329,257;90,000;1,390;6355,102;34,765;8,798;13,002;7,132;90,767;22,403;1,477;14,858;0,481;11,711;5698488,305;12;12
20241009115642_Y4_X9;12,496;121,057;0,351;678,623;0,6585;15,134;-0,136;2,457;56,927;64,129;385,048;90,000;1,311;6169,367;42,029;9,569;12,138;7,074;89,751;26,473;1,544;18,479;0,531;15,074;5698488,305;12;12
20241009115642_Y4_X10;15,318;132,056;0,346;687,350;0,6805;18,211;-0,218;2,342;65,172;66,884;380,685;90,000;1,336;6038,859;52,209;8,565;14,794;4,641;89,913;29,308;1,832;21,654;0,534;18,495;5698488,305;12;12
20241009115642_Y4_X11;15,514;212,902;0,344;765,466;0,8312;18,451;-0,230;2,302;62,085;150,816;378,821;90,000;1,487;6589,733;50,099;9,274;14,823;5,398;86,949;29,097;1,790;21,831;0,554;19,254;5698488,305;12;12
20241009115642_Y5_X1;9,545;166,925;0,268;693,732;0,6778;11,876;-0,328;3,189;70,749;96,176;285,373;90,000;1,339;5961,470;30,771;8,469;13,136;6,470;87,818;19,209;1,488;13,259;0,439;11,148;5698488,305;12;12
20241009115642_Y5_X2;10,751;178,659;0,319;734,210;0,7856;13,540;-0,182;3,791;100,403;78,256;345,054;90,000;1,451;6199,443;34,268;12,113;14,296;7,112;87,951;22,801;1,606;15,028;0,599;12,556;5698488,305;12;12
20241009115642_Y5_X3;9,350;128,694;0,313;710,208;0,7297;11,637;-0,314;3,157;58,029;70,665;338,389;90,000;1,388;6295,477;30,969;7,907;12,610;7,453;89,646;19,972;1,415;13,538;0,426;10,782;5698488,305;12;12
20241009115642_Y5_X4;8,941;160,619;0,368;697,470;0,7096;11,300;-0,400;3,704;63,669;96,950;394,076;90,000;1,369;6376,912;29,230;8,566;13,751;7,325;89,516;19,222;1,448;12,671;0,447;10,117;5698488,305;12;12
20241009115642_Y5_X5;7,543;127,394;0,178;634,440;0,5959;9,585;-0,352;4,088;73,870;53,524;184,938;90,000;1,246;5955,138;23,655;7,380;11,444;7,561;87,492;15,687;1,250;10,541;0,377;8,662;5698488,305;12;12
20241009115642_Y5_X6;7,026;113,207;0,875;662,490;0,6299;8,987;-0,324;3,851;63,005;50,203;96,593;156,400;1,282;5985,742;21,568;7,702;11,168;8,402;87,290;15,191;1,202;9,849;0,390;7,938;5698488,305;12;12
20241009115642_Y5_X7;7,792;119,027;0,526;733,002;0,7619;9,862;-0,183;3,392;62,080;56,947;128,747;90,000;1,420;6427,391;24,467;8,822;10,744;9,147;88,417;18,002;1,200;11,406;0,447;8,898;5698488,305;12;12
20241009115642_Y5_X8;10,543;142,277;0,297;704,822;0,7049;13,147;-0,153;3,345;83,154;59,123;318,472;90,000;1,362;6154,065;35,432;10,416;13,288;7,009;89,928;22,836;1,567;15,099;0,545;12,097;5698488,305;12;12
20241009115642_Y5_X9;12,728;227,916;0,311;731,874;0,7627;15,494;-0,189;2,624;89,220;138,696;341,480;90,000;1,423;6304,271;43,069;10,026;13,515;6,211;89,559;26,228;1,692;18,342;0,546;15,218;5698488,305;12;12
20241009115642_Y5_X10;15,821;190,632;0,340;737,425;0,7754;18,994;-0,215;2,471;113,942;76,689;374,538;90,000;1,436;6278,943;52,560;10,848;15,520;5,059;88,036;30,218;1,953;22,212;0,600;19,478;5698488,305;12;12
20241009115642_Y5_X11;15,819;173,519;0,349;725,318;0,7468;19,114;-0,264;2,447;74,542;98,977;387,380;90,000;1,405;6269,797;49,630;10,896;16,998;6,805;85,457;30,797;1,999;22,405;0,627;19,729;5698488,305;12;12
20241009115642_Y6_X1;9,418;149,356;0,215;654,508;0,6175;11,984;-0,347;3,781;85,521;63,834;229,677;90,000;1,271;5792,268;30,175;9,561;14,933;7,449;88,748;20,089;1,569;13,209;0,488;10,687;5698488,305;12;12
20241009115642_Y6_X2;9,806;128,225;0,280;680,041;0,6710;12,250;-0,258;3,198;58,007;70,217;300,859;90,000;1,332;6069,288;32,200;9,720;13,553;7,479;89,646;21,398;1,477;14,090;0,504;11,244;5698488,305;12;12
20241009115642_Y6_X3;9,291;134,810;0,320;694,643;0,7029;11,539;-0,141;3,000;71,650;63,160;344,282;90,000;1,360;6294,245;30,870;9,152;11,255;8,134;90,190;21,013;1,317;13,740;0,477;10,718;5698488,305;12;12
20241009115642_Y6_X4;9,107;136,483;0,294;714,096;0,7367;11,457;-0,367;3,400;81,754;54,729;312,216;90,000;1,395;6507,947;28,993;8,734;13,391;7,477;88,022;19,371;1,472;12,773;0,458;10,454;5698488,305;12;12
20241009115642_Y6_X5;7,692;131,582;0,196;656,105;0,6250;9,775;-0,102;3,579;70,409;61,173;203,528;90,000;1,277;6084,766;24,427;9,405;10,821;8,881;89,117;18,099;1,192;11,180;0,475;8,645;5698488,305;12;12
20241009115642_Y6_X6;7,655;152,042;0,882;744,957;0,7799;9,979;-0,404;4,977;80,923;71,119;130,724;90,000;1,441;6380,781;23,568;8,922;13,074;9,049;88,326;17,290;1,347;10,889;0,449;8,439;5698488,305;12;12
20241009115642_Y6_X7;8,093;121,758;0,733;726,482;0,7343;10,269;-0,316;3,803;59,966;61,792;137,678;90,000;1,392;6206,478;25,844;8,398;11,815;8,449;88,943;17,974;1,284;11,696;0,430;9,190;5698488,305;12;12
20241009115642_Y6_X8;11,238;137,922;0,276;718,418;0,7277;13,863;-0,121;2,909;60,942;76,980;294,254;90,000;1,389;6060,317;38,120;10,608;12,579;7,911;91,198;25,469;1,489;16,805;0,558;13,084;5698488,305;12;12
20241009115642_Y6_X9;13,765;154,366;0,341;687,298;0,6626;16,778;-0,093;2,568;73,812;80,554;374,847;90,000;1,318;5953,203;47,617;11,802;13,388;7,076;91,017;30,429;1,756;20,381;0,652;16,260;5698488,305;12;12
20241009115642_Y6_X10;15,902;123,363;0,350;722,510;0,7295;18,952;-0,192;2,281;59,051;64,312;385,297;90,000;1,388;6179,744;54,423;9,102;14,735;5,075;89,785;30,941;1,912;22,730;0,569;19,285;5698488,305;12;12
20241009115642_Y6_X11;15,507;171,355;0,353;740,681;0,7724;18,751;-0,262;2,514;70,302;101,054;388,503;90,000;1,434;6366,534;51,415;10,021;16,038;5,874;88,020;30,331;2,007;22,060;0,590;18,997;5698488,305;12;12
20241009115642_Y7_X1;9,369;128,393;0,234;697,684;0,7037;11,756;-0,194;3,455;62,540;65,853;246,649;90,000;1,361;6119,767;31,585;10,398;12,921;7,067;90,842;21,044;1,402;13,393;0,525;10,561;5698488,305;12;12
20241009115642_Y7_X2;9,907;121,822;0,316;706,951;0,7199;12,124;-0,327;2,808;54,930;66,892;338,977;90,000;1,377;6344,197;33,579;7,381;12,506;5,195;89,524;19,501;1,453;13,834;0,396;11,625;5698488,305;12;12
20241009115642_Y7_X3;9,490;234,396;0,331;666,105;0,6650;11,624;-0,086;2,956;171,225;63,171;357,661;90,000;1,322;6261,003;33,190;9,045;10,095;6,525;91,903;21,034;1,227;13,878;0,476;11,040;5698488,305;12;12
20241009115642_Y7_X4;8,785;121,722;0,277;623,755;0,5875;11,058;-0,259;3,245;64,969;56,752;290,475;90,000;1,236;5811,263;27,876;8,928;12,162;8,441;88,156;19,489;1,382;12,667;0,460;10,089;5698488,305;12;12
20241009115642_Y7_X5;8,942;137,269;0,181;670,143;0,6517;11,427;-0,446;4,274;67,743;69,527;188,892;90,000;1,308;5958,831;28,650;9,213;13,870;7,971;89,070;19,625;1,462;12,744;0,471;10,095;5698488,305;12;12
20241009115642_Y7_X6;8,333;135,543;0,528;693,441;0,6746;10,867;-0,653;4,378;75,223;60,321;144,512;90,000;1,331;6039,739;24,925;8,064;16,152;8,432;86,849;17,365;1,646;11,374;0,416;9,152;5698488,305;12;12
20241009115642_Y7_X7;8,553;120,242;0,696;753,089;0,7928;10,915;-0,374;3,750;58,733;61,509;127,062;90,000;1,451;6262,058;26,962;8,790;13,450;9,316;89,019;19,401;1,415;12,536;0,447;9,576;5698488,305;12;12
20241009115642_Y7_X8;11,198;161,340;0,347;735,834;0,7575;13,661;-0,093;2,792;75,889;85,451;379,043;90,000;1,418;6130,672;39,676;9,653;11,588;6,738;92,722;24,803;1,411;16,746;0,516;13,011;5698488,305;12;12
20241009115642_Y7_X9;13,905;236,829;0,345;732,909;0,7526;16,874;-0,130;2,590;91,982;144,847;380,015;90,000;1,414;6115,018;47,806;11,633;13,743;6,093;90,367;29,284;1,781;20,031;0,634;16,577;5698488,305;12;12
20241009115642_Y7_X10;16,615;290,888;0,376;679,699;0,6501;19,725;-0,312;2,397;72,518;218,370;416,620;90,000;1,301;5966,395;51,117;9,950;19,514;4,753;85,328;29,981;2,140;22,290;0,577;19,954;5698488,305;12;12
20241009115642_Y7_X11;16,619;151,716;0,362;740,523;0,7693;19,951;-0,357;2,475;69,370;82,347;401,609;90,000;1,426;6377,088;48,764;11,335;21,165;5,902;82,821;30,029;2,280;22,095;0,637;20,301;5698488,305;12;12
20241009115642_Y8_X1;9,288;173,464;0,312;696,160;0,7094;11,437;-0,327;3,064;90,426;83,037;327,918;90,000;1,368;6232,334;31,127;7,151;11,676;6,157;89,361;18,901;1,343;13,189;0,393;10,959;5698488,305;12;12
20241009115642_Y8_X2;9,017;114,796;0,305;623,562;0,5728;11,110;-0,333;2,951;60,118;54,678;331,371;90,000;1,219;5956,897;30,072;6,863;11,556;6,240;89,081;18,329;1,345;12,765;0,378;10,557;5698488,305;12;12
20241009115642_Y8_X3;8,952;115,020;0,313;673,374;0,6653;11,065;-0,240;2,857;55,394;59,626;333,875;90,000;1,321;6342,614;29,805;7,438;11,165;7,341;89,575;19,097;1,305;13,042;0,399;10,448;5698488,305;12;12
20241009115642_Y8_X4;8,779;129,611;0,313;688,736;0,6861;10,942;-0,281;2,994;80,683;48,928;333,027;90,000;1,344;6297,411;28,818;7,719;12,153;7,611;89,302;18,871;1,373;12,672;0,406;10,042;5698488,305;12;12
20241009115642_Y8_X5;8,774;133,469;0,283;668,897;0,6442;11,188;-0,478;3,740;63,807;69,663;295,572;90,000;1,299;6014,587;27,025;8,365;14,372;8,355;87,424;18,587;1,514;12,362;0,432;9,970;5698488,305;12;12
20241009115642_Y8_X6;8,285;144,352;0,845;689,940;0,6835;10,613;-0,353;3,856;83,134;61,219;132,860;0,000;1,343;6032,352;25,552;9,151;13,240;8,713;87,795;18,438;1,403;11,745;0,466;9,335;5698488,305;12;12
20241009115642_Y8_X7;8,092;140,220;0,802;719,403;0,7166;10,319;-0,240;3,667;67,592;72,628;112,658;90,000;1,374;5941,419;25,481;9,218;12,141;9,225;88,936;18,761;1,297;11,830;0,468;9,099;5698488,305;12;12
20241009115642_Y8_X8;11,259;151,525;0,287;745,612;0,7621;13,750;-0,204;2,666;67,691;83,834;305,276;90,000;1,420;6175,523;37,873;8,525;12,114;6,525;89,287;23,136;1,505;16,313;0,472;13,531;5698488,305;12;12
20241009115642_Y8_X9;14,934;127,872;0,335;713,340;0,6917;18,093;-0,170;2,414;60,402;67,469;367,968;90,000;1,350;5974,837;52,031;10,254;14,128;5,914;90,406;30,966;1,954;21,808;0,583;17,912;5698488,305;12;12
20241009115642_Y8_X10;16,579;147,559;0,355;770,893;0,8186;19,881;-0,263;2,406;69,538;78,021;390,349;90,000;1,475;6464,503;56,305;9,893;17,208;4,693;88,958;31,862;2,208;23,137;0,594;19,823;5698488,305;12;12
20241009115642_Y8_X11;15,994;152,872;0,346;698,606;0,6886;19,216;-0,189;2,403;81,059;71,814;377,208;90,000;1,345;6200,498;54,813;10,036;15,075;5,658;89,823;31,776;2,010;23,141;0,599;19,287;5698488,305;12;12
20241009115642_Y9_X1;8,450;130,123;0,307;679,996;0,6789;10,554;-0,284;3,099;65,071;65,052;327,102;90,000;1,335;6300,226;27,568;7,605;11,711;7,471;88,795;17,999;1,332;12,103;0,400;9,719;5698488,305;12;12
20241009115642_Y9_X2;8,906;126,648;0,341;712,274;0,7421;11,031;-0,388;3,076;59,375;67,272;372,930;90,000;1,405;6483,323;28,535;7,342;12,352;6,100;87,345;17,588;1,394;12,235;0,386;10,463;5698488,305;12;12
20241009115642_Y9_X3;8,587;123,563;0,263;673,566;0,6698;10,837;-0,285;3,362;73,965;49,598;278,595;90,000;1,325;6310,251;27,404;8,759;12,566;7,689;88,213;18,640;1,390;12,099;0,452;9,835;5698488,305;12;12
20241009115642_Y9_X4;8,514;146,375;0,299;669,703;0,6696;10,594;-0,262;3,062;87,794;58,581;315,659;90,000;1,328;6216,328;27,884;7,645;11,226;7,590;89,121;18,247;1,282;12,299;0,404;9,865;5698488,305;12;12
20241009115642_Y9_X5;8,870;208,123;0,203;709,441;0,7152;11,301;-0,389;3,886;121,654;86,469;211,988;90,000;1,374;6191,704;28,101;9,108;13,994;8,513;88,776;19,762;1,481;12,715;0,468;9,964;5698488,305;12;12
20241009115642_Y9_X6;8,555;172,220;0,913;713,837;0,7200;10,986;-0,003;4,480;114,051;58,169;127,346;0,000;1,379;6016,874;26,962;10,889;12,390;9,569;89,474;20,244;1,324;12,641;0,547;9,531;5698488,305;12;12
20241009115642_Y9_X7;8,100;153,588;0,740;666,847;0,6040;10,299;-0,061;3,425;85,410;68,178;113,996;0,000;1,257;5477,608;25,528;10,205;10,886;10,236;89,685;20,024;1,206;12,243;0,508;9,071;5698488,305;12;12
20241009115642_Y9_X8;11,507;129,358;0,331;736,992;0,7470;14,169;-0,211;2,734;70,741;58,617;357,005;90,000;1,403;6102,002;38,620;9,324;13,624;7,279;89,581;24,557;1,656;16,797;0,510;13,473;5698488,305;12;12
20241009115642_Y9_X9;14,507;128,143;0,303;742,158;0,7612;17,758;-0,105;2,568;55,405;72,739;327,000;90,000;1,418;6237,083;48,707;11,403;15,486;9,283;91,138;32,299;1,906;22,425;0,589;16,944;5698488,305;12;12
20241009115642_Y9_X10;15,870;125,074;0,364;707,594;0,7007;18,903;-0,272;2,345;56,416;68,658;406,154;90,000;1,356;6109,917;54,545;7,464;15,848;3,998;89,742;29,521;1,995;22,321;0,495;19,210;5698488,305;12;12
20241009115642_Y9_X11;16,459;138,381;0,357;692,688;0,6796;19,517;-0,187;2,226;66,796;71,585;396,407;90,000;1,335;6150,723;55,059;8,884;14,235;5,609;88,484;31,684;1,917;23,604;0,578;20,188;5698488,305;12;12
20241009115642_Y10_X1;8,236;103,248;0,227;682,398;0,6795;10,264;-0,308;3,053;51,048;52,200;236,798;90,000;1,336;6346,484;26,691;7,419;11,308;7,324;88,464;17,434;1,278;11,692;0,394;9,533;5698488,305;12;12
20241009115642_Y10_X2;8,831;135,212;0,342;624,169;0,5749;10,977;-0,344;3,336;73,322;61,890;376,746;90,000;1,223;5863,501;29,251;7,212;11,987;5,920;88,771;17,595;1,359;12,316;0,380;10,346;5698488,305;12;12
20241009115642_Y10_X3;8,277;156,588;0,271;674,572;0,6616;10,396;-0,331;3,324;74,318;82,270;287,309;90,000;1,316;6226,354;26,453;7,897;11,993;7,715;88,385;17,716;1,315;11,765;0,410;9,517;5698488,305;12;12
20241009115642_Y10_X4;8,329;181,062;0,210;687,512;0,6819;10,343;-0,237;3,049;114,319;66,743;220,690;90,000;1,338;6242,711;27,680;8,047;10,865;6,888;89,545;18,022;1,243;11,815;0,422;9,595;5698488,305;12;12
20241009115642_Y10_X5;8,115;108,186;0,201;683,538;0,6701;10,181;-0,355;3,203;49,159;59,028;208,052;90,000;1,327;6110,445;26,160;7,267;11,784;7,815;88,594;17,364;1,314;11,611;0,383;9,270;5698488,305;12;12
20241009115642_Y10_X6;7,917;132,426;0,854;672,044;0,6378;10,036;-0,131;3,418;51,231;81,195;109,605;0,000;1,293;5810,384;25,174;9,494;10,774;9,384;89,254;18,901;1,210;11,710;0,479;8,912;5698488,305;12;12
20241009115642_Y10_X7;9,020;142,126;0,841;723,191;0,7171;11,509;-0,071;3,739;83,280;58,846;151,230;0,000;1,379;6003,506;28,470;11,129;12,632;10,124;89,708;21,885;1,375;13,588;0,555;10,045;5698488,305;12;12
20241009115642_Y10_X8;10,917;119,140;0,356;639,331;0,5665;13,414;-0,118;2,702;62,054;57,086;377,333;90,000;1,212;5547,787;37,127;9,379;12,000;8,033;90,900;24,323;1,482;16,433;0,499;12,646;5698488,305;12;12
20241009115642_Y10_X9;13,083;147,433;0,326;716,207;0,7208;15,996;-0,264;2,678;66,166;81,267;351,497;90,000;1,379;6103,761;42,277;10,297;15,087;6,697;87,233;26,507;1,820;18,490;0,571;15,788;5698488,305;12;12
20241009115642_Y10_X10;15,322;166,453;0,349;727,620;0,7528;18,293;-0,316;2,450;88,873;77,581;383,836;90,000;1,410;6323,794;47,838;9,299;17,142;4,948;85,351;27,572;1,942;20,815;0,537;18,817;5698488,305;12;12
20241009115642_Y10_X11;16,616;139,380;0,354;729,805;0,7577;19,829;-0,150;2,272;68,256;71,124;388,066;90,000;1,418;6299,874;61,294;8,732;13,391;4,152;92,910;33,084;1,935;24,347;0,563;20,164;5698488,305;12;12
20241009115642_Y11_X1;7,810;163,078;0,273;681,290;0,6826;9,910;0,087;5,694;113,181;49,897;286,805;90,000;1,340;6367,062;25,073;8,853;10,556;7,227;88,401;16,468;1,196;10,980;0,436;8,985;5698488,305;12;12
20241009115642_Y11_X2;8,480;178,363;0,309;674,157;0,6587;10,534;-0,333;3,192;117,172;61,191;333,899;90,000;1,313;6287,210;26,828;7,456;11,601;6,599;86,970;16,968;1,312;11,715;0,388;9,985;5698488,305;12;12
20241009115642_Y11_X3;8,550;131,454;0,239;675,575;0,6724;10,876;-0,437;3,688;71,625;59,829;253,154;90,000;1,327;6271,556;26,733;8,109;14,000;7,678;87,687;17,835;1,484;11,891;0,420;9,692;5698488,305;12;12
20241009115642_Y11_X4;8,521;137,102;0,197;691,273;0,7099;10,624;-0,296;3,177;64,868;72,234;204,068;90,000;1,369;6287,210;27,861;7,485;11,586;7,376;88,897;18,021;1,314;12,213;0,398;9,852;5698488,305;12;12
20241009115642_Y11_X5;7,777;213,543;0,283;650,907;0,6189;9,891;-0,257;3,624;111,444;102,099;161,640;90,000;1,272;5898,151;24,559;8,730;11,703;8,441;88,543;17,445;1,265;11,108;0,446;8,750;5698488,305;12;12
20241009115642_Y11_X6;7,819;111,519;0,849;720,566;0,7497;9,919;-0,225;3,513;56,438;55,081;102,802;0,000;1,410;6139,994;24,565;8,627;11,491;8,379;88,109;17,294;1,261;11,164;0,437;8,901;5698488,305;12;12
20241009115642_Y11_X7;8,378;149,449;0,565;654,696;0,5862;10,630;-0,255;3,580;79,906;69,542;138,908;0,000;1,234;5567,134;26,423;8,791;12,589;8,589;88,238;18,510;1,391;12,039;0,449;9,438;5698488,305;12;12
20241009115642_Y11_X8;9,960;123,872;0,236;695,252;0,6696;12,433;-0,281;3,116;64,030;59,842;245,859;90,000;1,325;5839,757;32,525;9,204;13,755;7,937;89,500;21,746;1,497;14,489;0,485;11,501;5698488,305;12;12
20241009115642_Y11_X9;12,443;136,840;0,326;651,543;0,6003;15,273;-0,268;2,954;56,736;80,103;356,299;90,000;1,246;5650,680;43,220;9,481;14,910;6,290;91,289;26,327;1,734;18,125;0,525;14,490;5698488,305;12;12
20241009115642_Y11_X10;15,150;166,938;0,353;619,305;0,5376;18,176;-0,188;2,491;88,168;78,770;387,588;90,000;1,175;5493,614;50,602;10,805;14,424;5,654;89,155;30,043;1,771;21,585;0,615;18,529;5698488,305;12;12
20241009115642_Y11_X11;17,096;239,212;0,388;725,041;0,7390;20,283;-0,129;2,246;165,574;73,638;432,254;90,000;1,395;6244,294;66,351;8,597;13,197;2,999;94,896;34,179;1,969;24,859;0,560;20,450;5698488,305;12;12
20241009133120_Y1_X1;16,495;191,014;0,443;648,463;0,5607;21,054;-0,131;3,407;101,158;89,856;463,461;0,000;1,219;4555,088;51,251;19,985;25,218;10,756;89,943;40,251;2,587;24,859;0,987;18,181;5698488,305;12;12
20241009133120_Y1_X2;18,026;203,783;0,308;803,546;0,8735;22,326;-0,224;2,794;99,295;104,488;425,302;0,000;1,541;5838,877;58,158;16,781;21,901;6,903;87,051;37,472;2,743;25,309;0,871;21,282;5698488,305;12;12
20241009133120_Y1_X3;16,659;185,236;0,268;792,365;0,8557;20,570;-0,095;2,799;101,099;84,136;374,552;0,000;1,523;5862,974;54,751;16,822;17,937;7,873;88,804;37,024;2,306;24,346;0,879;19,538;5698488,305;12;12
20241009133120_Y1_X4;18,798;164,888;0,241;807,533;0,9032;23,191;-0,143;2,668;80,862;84,026;337,675;0,000;1,568;5975,365;61,604;15,269;21,301;9,541;89,737;41,252;2,612;28,884;0,778;21,982;5698488,305;12;12
20241009133120_Y1_X5;20,235;199,352;0,244;739,169;0,7466;24,894;-0,277;2,694;105,843;93,509;342,763;0,000;1,411;5503,815;64,247;16,102;25,309;7,519;87,153;41,424;2,944;28,954;0,871;24,128;5698488,305;12;12
20241009133120_Y1_X6;21,200;186,541;0,271;642,220;0,4991;24,826;-0,180;2,098;105,006;81,536;383,827;0,000;1,137;4622,100;65,227;12,103;18,359;5,444;83,977;37,940;2,103;29,780;0,711;26,908;5698488,305;12;12
20241009133120_Y1_X7;21,808;345,334;0,265;794,353;0,8669;25,843;-0,053;2,220;115,425;229,909;376,168;0,000;1,532;6123,988;81,725;12,234;15,471;4,105;94,594;43,343;2,222;32,702;0,729;26,644;5698488,305;12;12
20241009133120_Y1_X8;20,363;192,000;0,231;698,907;0,6871;24,133;-0,070;2,281;93,693;98,307;326,576;0,000;1,353;5475,673;70,759;14,252;17,311;5,556;91,930;41,788;2,189;29,768;0,820;24,379;5698488,305;12;12
20241009133120_Y1_X9;18,150;171,603;0,203;661,663;0,6142;21,904;-0,097;2,419;98,221;73,382;285,536;0,000;1,274;5237,348;64,230;13,532;15,459;6,089;91,447;38,714;2,201;26,632;0,795;21,854;5698488,305;12;12
20241009133120_Y1_X10;19,070;217,191;0,215;775,686;0,8490;22,863;-0,191;2,381;121,814;95,378;303,910;0,000;1,512;6196,805;64,736;12,224;18,787;5,557;89,408;37,739;2,415;27,144;0,736;22,932;5698488,305;12;12
20241009133120_Y1_X11;17,751;180,566;0,212;844,929;0,9700;21,481;-0,134;2,590;93,971;86,595;297,714;0,000;1,625;6478,574;63,900;13,846;17,345;5,282;92,491;37,296;2,211;25,854;0,757;21,036;5698488,305;12;12
20241009133120_Y1_X12;17,249;168,759;0,201;820,084;0,9202;20,771;-0,200;2,452;81,932;86,827;283,742;0,000;1,578;6384,299;56,983;12,005;17,501;6,148;88,666;34,163;2,080;24,716;0,693;21,171;5698488,305;12;12
20241009133120_Y2_X1;20,433;308,294;0,508;818,715;0,9062;25,340;0,087;2,916;144,497;163,797;460,261;0,000;1,583;5313,683;67,465;22,043;19,830;9,547;90,127;48,481;2,656;31,594;1,116;23,820;5698488,305;12;12
20241009133120_Y2_X2;15,997;215,948;0,339;878,814;1,032;19,928;0,238;3,275;135,288;80,660;468,795;0,000;1,690;5935,439;52,935;19,240;15,484;10,250;91,760;39,162;2,001;25,054;0,959;18,072;5698488,305;12;12
20241009133120_Y2_X3;14,331;153,388;0,209;842,006;0,9487;17,822;-0,098;2,787;81,385;72,002;289,120;0,000;1,612;6018,808;45,314;14,993;16,492;9,223;87,648;32,764;2,026;21,362;0,767;16,896;5698488,305;12;12
20241009133120_Y2_X4;13,958;176,616;0,212;763,342;0,7940;17,303;-0,155;2,874;106,480;70,135;293,402;0,000;1,462;5616,382;44,988;13,702;17,005;8,265;88,797;30,665;1,967;20,463;0,709;16,345;5698488,305;12;12
20241009133120_Y2_X5;17,530;208,293;0,247;862,596;1,012;20,981;-0,018;2,450;105,874;102,418;346,472;0,000;1,670;6128,033;64,472;14,118;14,244;5,295;93,945;37,630;1,988;25,751;0,787;20,612;5698488,305;12;12
20241009133120_Y2_X6;17,098;179,845;0,238;815,431;0,9120;21,323;-0,170;2,915;100,939;78,906;334,520;0,000;1,575;6153,009;52,896;17,348;21,343;8,107;85,637;35,983;2,599;24,228;0,892;20,355;5698488,305;12;12
20241009133120_Y2_X7;16,980;175,702;0,241;819,715;0,9231;20,688;-0,104;2,773;104,384;71,318;337,561;0,000;1,584;6230,047;56,555;16,078;18,831;6,561;89,906;35,666;2,217;24,178;0,848;19,805;5698488,305;12;12
20241009133120_Y2_X8;15,618;199,660;0,197;820,889;0,9207;19,241;-0,236;2,805;123,260;76,400;277,489;0,000;1,578;6322,035;49,982;13,797;18,776;7,328;87,328;32,514;2,243;22,210;0,737;18,598;5698488,305;12;12
20241009133120_Y2_X9;14,544;182,291;0,203;752,634;0,8049;17,853;-0,165;2,843;105,174;77,117;284,735;0,000;1,470;6100,419;48,628;12,992;16,779;6,989;89,759;30,991;2,001;21,027;0,696;17,002;5698488,305;12;12
20241009133120_Y2_X10;15,206;183,442;0,216;801,496;0,9033;18,550;-0,198;2,695;114,671;68,771;302,034;0,000;1,565;6461,161;50,367;12,416;17,257;6,172;88,557;30,508;2,108;21,490;0,668;18,043;5698488,305;12;12
20241009133120_Y2_X11;15,991;222,270;0,219;753,524;0,7989;19,564;-0,358;2,577;150,273;71,997;308,576;0,000;1,466;6186,428;48,050;11,250;20,942;6,278;83,069;28,890;2,349;21,792;0,602;20,053;5698488,305;12;12
20241009133120_Y2_X12;16,767;342,455;0,208;698,013;0,6858;20,078;-0,031;2,524;259,372;83,083;293,121;0,000;1,350;5628,694;62,344;13,428;14,134;4,864;94,019;35,491;1,939;24,636;0,730;19,694;5698488,305;12;12
20241009133120_Y3_X1;18,323;280,859;0,404;933,095;1,180;22,956;0,120;3,124;137,075;143,784;419,996;180,000;1,825;5912,749;58,679;22,668;20,120;10,428;90,093;45,278;2,515;28,126;1,123;20,599;5698488,305;12;12
20241009133120_Y3_X2;17,151;212,995;0,379;909,491;1,141;21,740;0,239;3,368;119,920;93,075;324,877;180,000;1,787;5957,248;54,326;24,374;19,408;11,030;90,862;45,196;2,228;26,855;1,204;19,280;5698488,305;12;12
20241009133120_Y3_X3;14,903;213,048;0,263;863,186;1,020;18,779;0,239;3,431;133,693;79,355;247,939;0,000;1,681;5812,143;47,167;20,443;15,085;10,093;89,357;37,538;1,898;22,737;1,022;17,281;5698488,305;12;12
20241009133120_Y3_X4;13,742;331,118;0,153;877,776;1,020;17,363;0,080;3,479;253,217;77,901;211,178;180,000;1,680;5851,365;43,784;16,891;16,835;9,982;89,749;32,903;1,964;20,769;0,845;15,545;5698488,305;12;12
20241009133120_Y3_X5;13,152;174,577;0,205;654,595;0,5776;16,308;0,009;2,969;107,695;66,882;284,635;0,000;1,237;4384,127;44,292;14,921;14,277;7,920;90,863;30,598;1,738;19,456;0,762;15,224;5698488,305;12;12
20241009133120_Y3_X6;13,136;296,613;0,190;792,374;0,8700;17,095;0,595;9,363;219,081;77,532;264,991;0,000;1,540;5781,539;42,098;18,166;17,811;8,258;89,502;29,579;1,986;18,849;0,882;14,734;5698488,305;12;12
20241009133120_Y3_X7;14,180;324,158;0,228;873,695;1,018;17,476;0,075;3,021;258,729;65,429;315,516;0,000;1,674;6110,797;47,476;14,822;14,685;9,370;91,792;33,670;1,842;21,728;0,748;16,045;5698488,305;12;12
20241009133120_Y3_X8;12,766;159,920;0,220;802,758;0,8605;15,848;-0,025;2,915;92,744;67,177;305,754;0,000;1,524;6091,097;40,933;14,049;13,892;8,677;88,279;29,122;1,729;18,878;0,719;15,048;5698488,305;12;12
20241009133120_Y3_X9;11,977;166,842;0,173;840,345;0,9913;15,074;0,126;3,575;106,443;60,399;240,406;0,000;1,649;6322,563;39,710;15,611;14,323;8,607;91,261;29,178;1,622;17,781;0,786;13,547;5698488,305;12;12
20241009133120_Y3_X10;12,426;188,224;0,251;777,877;0,8380;15,315;-0,071;2,873;88,447;99,778;351,702;0,000;1,499;6154,065;41,996;11,926;13,342;7,558;90,581;27,503;1,649;18,414;0,618;14,586;5698488,305;12;12
20241009133120_Y3_X11;13,641;160,342;0,205;783,477;0,8576;16,886;-0,299;2,881;96,701;63,641;288,571;0,000;1,521;6122,405;41,600;12,262;18,413;7,019;85,081;26,783;2,065;18,677;0,643;16,433;5698488,305;12;12
20241009133120_Y3_X12;13,544;145,322;0,198;736,647;0,7623;16,865;-0,180;2,904;73,529;71,794;277,819;0,000;1,428;5745,834;44,070;12,911;17,150;8,819;89,333;30,474;1,989;20,180;0,669;15,647;5698488,305;12;12
20241009133120_Y4_X1;19,833;235,414;0,447;953,185;1,197;23,927;0,257;2,546;129,091;106,323;474,841;90,000;1,830;6150,899;68,126;20,573;13,057;10,181;94,874;48,605;1,931;31,721;1,026;22,858;5698488,305;12;12
20241009133120_Y4_X2;15,540;201,605;0,591;921,573;1,130;19,572;-0,111;3,193;101,386;100,219;405,307;0,000;1,774;6138,938;49,701;16,757;20,856;9,301;89,091;35,532;2,454;22,923;0,846;17,344;5698488,305;12;12
20241009133120_Y4_X3;15,420;230,285;0,244;964,758;1,229;19,055;0,164;2,910;116,785;113,500;336,063;0,000;1,863;6197,157;52,056;17,478;14,347;9,698;92,292;37,846;1,840;24,248;0,881;17,745;5698488,305;12;12
20241009133120_Y4_X4;12,054;204,461;0,427;796,240;0,8543;15,533;0,512;4,786;135,332;69,130;205,768;0,000;1,527;5505,574;37,275;19,083;13,126;12,024;90,898;32,989;1,545;19,171;0,938;13,305;5698488,305;12;12
20241009133120_Y4_X5;11,286;172,107;0,284;839,420;0,9308;14,174;0,009;3,319;94,073;78,034;184,643;0,000;1,598;5813,022;36,955;13,655;13,572;8,625;90,064;26,824;1,599;16,711;0,687;12,828;5698488,305;12;12
20241009133120_Y4_X6;11,765;270,611;0,208;758,753;0,7834;15,560;0,445;8,132;193,020;77,592;172,833;180,000;1,464;5214,307;36,585;18,316;17,570;9,859;90,132;29,087;1,795;17,241;0,915;12,798;5698488,305;12;12
20241009133120_Y4_X7;11,821;171,301;0,332;858,162;0,9766;15,368;0,103;4,053;104,243;67,058;200,492;0,000;1,637;5981,872;34,904;17,481;16,853;10,929;87,198;29,734;1,893;17,539;0,870;13,156;5698488,305;12;12
20241009133120_Y4_X8;12,782;163,737;0,223;845,697;0,9694;15,934;0,108;3,199;92,059;71,679;237,858;0,000;1,636;5851,893;42,702;15,446;13,529;8,867;91,477;30,999;1,650;19,348;0,778;14,594;5698488,305;12;12
20241009133120_Y4_X9;11,460;155,718;0,143;807,335;0,8733;14,744;0,177;3,780;91,338;64,380;197,227;0,000;1,545;5613,392;35,298;17,057;14,898;10,815;89,502;29,831;1,686;17,291;0,852;12,613;5698488,305;12;12
20241009133120_Y4_X10;10,552;169,048;0,564;627,263;0,5304;13,640;-0,031;4,513;102,428;66,621;170,525;0,000;1,179;4482,975;32,338;13,750;15,689;9,086;87,756;24,034;1,718;15,073;0,685;11,870;5698488,305;12;12
20241009133120_Y4_X11;10,736;235,075;0,276;795,666;0,8725;13,571;0,087;3,416;112,360;122,715;144,241;180,000;1,539;5713,119;34,618;13,938;12,978;9,923;90,507;26,611;1,485;16,385;0,698;12,097;5698488,305;12;12
20241009133120_Y4_X12;10,672;160,276;0,100;786,811;0,8369;13,625;-0,182;3,827;84,271;76,005;138,743;0,000;1,505;5736,512;33,704;12,810;15,421;9,196;89,196;24,961;1,654;15,646;0,646;12,000;5698488,305;12;12
20241009133120_Y5_X1;18,387;220,345;0,404;924,265;1,137;23,074;-0,056;3,047;117,350;102,995;428,126;90,000;1,784;6159,341;58,830;20,054;24,746;10,860;90,993;44,321;2,603;28,519;0,979;20,676;5698488,305;12;12
20241009133120_Y5_X2;17,069;191,421;0,492;863,519;1,011;20,774;0,002;2,749;116,344;75,077;510,964;0,000;1,672;5803,524;58,967;16,125;14,752;6,424;90,623;36,827;2,074;24,998;0,836;20,412;5698488,305;12;12
20241009133120_Y5_X3;14,851;239,341;0,493;794,778;0,8556;18,546;0,166;3,550;166,257;73,084;362,035;90,000;1,527;5356,951;49,678;18,225;15,244;8,399;91,018;35,247;1,948;22,217;0,907;17,002;5698488,305;12;12
20241009133120_Y5_X4;13,744;173,937;0,545;822,315;0,9133;17,101;0,102;3,094;101,623;72,314;422,410;0,000;1,584;5646,634;44,954;15,378;14,741;10,223;91,183;33,122;1,807;21,261;0,766;15,583;5698488,305;12;12
20241009133120_Y5_X5;11,358;150,212;0,702;863,069;0,9768;14,316;0,152;3,150;81,896;68,316;270,429;90,000;1,643;5872,472;35,891;15,133;12,232;10,798;89,585;29,185;1,537;17,666;0,744;12,867;5698488,305;12;12
20241009133120_Y5_X6;9,900;244,111;0,709;834,459;0,9420;12,827;0,013;4,019;155,304;88,807;91,252;180,000;1,613;5653,142;29,966;14,244;14,157;10,554;88,424;25,044;1,559;14,643;0,712;10,957;5698488,305;12;12
20241009133120_Y5_X7;11,111;195,392;0,824;799,621;0,8647;14,564;0,219;5,872;126,815;68,577;127,473;90,000;1,537;5478,839;34,310;16,650;16,398;9,040;88,708;26,265;1,761;15,861;0,821;12,286;5698488,305;12;12
20241009133120_Y5_X8;11,266;169,230;0,670;733,565;0,7037;14,414;0,097;3,865;107,816;61,413;233,301;0,000;1,369;5100,509;35,161;14,983;15,132;10,079;89,074;27,511;1,715;16,777;0,749;12,552;5698488,305;12;12
20241009133120_Y5_X9;10,117;167,180;0,651;857,161;0,9866;12,971;0,250;4,152;106,864;60,316;138,695;0,000;1,649;6046,247;31,820;14,942;12,416;9,729;89,454;25,342;1,435;15,032;0,746;11,362;5698488,305;12;12
20241009133120_Y5_X10;9,743;176,745;0,781;839,976;0,9324;12,574;0,259;4,518;117,250;59,496;116,001;0,000;1,600;5964,460;30,171;14,669;12,668;10,598;89,462;25,346;1,437;14,720;0,731;10,741;5698488,305;12;12
20241009133120_Y5_X11;10,087;203,812;0,904;877,480;1,025;13,256;0,454;6,594;137,680;66,132;99,875;90,000;1,681;6034,286;31,467;15,809;13,840;9,659;89,705;24,696;1,523;14,708;0,787;11,033;5698488,305;12;12
20241009133120_Y5_X12;9,295;134,675;0,884;781,341;0,8271;11,854;0,014;3,649;78,334;56,341;129,902;0,000;1,491;5815,133;29,221;12,280;12,589;9,253;88,892;22,253;1,413;13,589;0,614;10,456;5698488,305;12;12
20241009133120_Y6_X1;17,589;218,200;0,406;859,063;0,9756;21,614;-0,122;2,714;101,026;117,174;427,833;90,000;1,638;5926,820;57,698;16,464;19,376;7,971;89,267;38,595;2,341;25,944;0,870;20,785;5698488,305;12;12
20241009133120_Y6_X2;15,161;176,502;0,385;897,711;1,065;18,855;-0,087;2,905;105,049;71,452;413,462;0,000;1,718;6121,877;49,470;14,853;18,148;8,949;89,534;34,201;2,165;22,761;0,760;17,575;5698488,305;12;12
20241009133120_Y6_X3;14,845;216,916;0,367;863,399;1,018;18,677;0,216;3,983;135,798;81,117;384,631;90,000;1,678;5976,948;48,849;18,463;15,945;9,634;91,522;36,097;1,890;22,774;0,925;16,944;5698488,305;12;12
20241009133120_Y6_X4;12,277;244,761;0,540;784,396;0,8617;16,503;0,856;9,795;156,965;87,795;181,733;90,000;1,536;5383,685;36,830;20,366;17,136;10,645;88,646;30,629;1,884;18,053;1,026;13,411;5698488,305;12;12
20241009133120_Y6_X5;12,121;259,905;0,602;818,236;0,9070;16,098;1,239;12,049;168,662;91,243;237,112;90,000;1,575;5808,801;38,686;20,387;13,287;10,019;91,194;30,241;1,572;18,255;1,020;13,331;5698488,305;12;12
20241009133120_Y6_X6;10,122;153,001;0,556;837,546;0,9420;12,844;0,010;3,638;93,160;59,842;158,040;90,000;1,604;6003,331;32,582;12,724;13,249;9,077;89,707;24,077;1,518;14,947;0,638;11,338;5698488,305;12;12
20241009133120_Y6_X7;10,168;179,359;0,758;843,877;0,9694;13,281;0,252;5,525;105,072;74,287;108,978;90,000;1,631;5938,605;31,577;15,461;14,147;9,640;89,342;24,994;1,534;14,851;0,771;11,237;5698488,305;12;12
20241009133120_Y6_X8;10,804;173,173;0,890;862,559;1,000;13,974;0,265;4,941;103,777;69,396;140,467;90,000;1,660;5990,491;33,853;16,132;14,145;8,664;88,510;25,128;1,638;15,429;0,790;12,117;5698488,305;12;12
20241009133120_Y6_X9;10,069;182,408;0,682;865,754;1,010;13,172;0,435;5,690;125,568;56,840;136,236;180,000;1,665;6061,373;30,760;15,899;13,307;10,272;88,755;25,255;1,499;14,902;0,797;11,156;5698488,305;12;12
20241009133120_Y6_X10;10,209;210,076;0,756;840,031;0,9555;13,301;0,202;4,732;114,406;95,671;130,151;0,000;1,616;6073,685;31,057;15,224;14,230;10,430;88,629;25,381;1,581;15,085;0,763;11,275;5698488,305;12;12
20241009133120_Y6_X11;10,420;227,028;0,803;814,288;0,9030;13,944;0,916;10,390;162,018;65,010;104,703;90,000;1,571;5668,972;32,532;18,091;14,064;8,495;89,058;24,238;1,570;14,686;0,866;11,499;5698488,305;12;12
20241009133120_Y6_X12;9,869;152,928;0,680;807,950;0,9040;12,758;0,293;4,631;87,447;65,481;96,701;136,500;1,574;5729,652;31,284;16,000;12,599;8,617;89,345;24,284;1,460;14,111;0,781;10,917;5698488,305;12;12
20241009133120_Y7_X1;15,369;207,820;0,351;852,584;0,9587;19,254;-0,012;3,213;116,337;91,484;370,461;90,000;1,618;6033,935;46,966;19,286;18,637;8,839;86,686;35,342;2,145;22,116;0,978;18,043;5698488,305;12;12
20241009133120_Y7_X2;15,086;167,970;0,298;831,117;0,9135;18,693;-0,167;2,943;92,903;75,067;319,041;90,000;1,582;5987,325;46,437;15,611;18,770;7,817;86,108;31,707;2,147;21,288;0,800;18,001;5698488,305;12;12
20241009133120_Y7_X3;14,065;176,904;0,299;851,474;0,9673;17,381;-0,084;2,824;105,851;71,053;319,856;90,000;1,625;6082,831;44,849;14,352;15,472;8,165;87,612;30,805;1,873;20,530;0,743;16,901;5698488,305;12;12
20241009133120_Y7_X4;13,381;208,525;0,287;828,687;0,9385;16,909;0,082;4,328;135,968;72,557;297,995;90,000;1,607;5762,191;42,809;15,987;16,621;7,987;88,648;29,254;1,912;19,248;0,795;15,552;5698488,305;12;12
20241009133120_Y7_X5;11,031;193,499;0,317;868,859;1,012;14,214;0,054;4,327;115,048;78,452;191,370;90,000;1,672;6044,840;33,941;14,988;15,668;9,500;88,220;26,063;1,729;16,028;0,750;12,358;5698488,305;12;12
20241009133120_Y7_X6;10,322;283,182;0,724;859,278;0,9921;13,468;-0,128;4,605;185,131;98,051;156,195;90,000;1,652;6058,383;31,202;14,100;17,205;9,513;88,161;24,604;1,767;14,699;0,706;11,351;5698488,305;12;12
20241009133120_Y7_X7;10,407;289,071;0,759;859,985;1,035;14,777;2,286;27,574;209,012;80,059;102,808;0,000;1,696;6006,848;31,104;19,911;14,333;9,972;88,677;25,498;1,573;14,866;0,995;11,269;5698488,305;12;12
20241009133120_Y7_X8;10,456;162,387;0,754;834,729;0,9100;13,443;-0,071;4,282;93,293;69,094;136,719;90,000;1,574;5910,991;32,363;12,914;15,691;8,555;87,706;23,045;1,736;14,786;0,644;11,744;5698488,305;12;12
20241009133120_Y7_X9;9,709;156,293;0,688;820,231;0,8908;12,561;0,219;4,317;88,962;67,331;103,411;7,700;1,554;5834,480;29,798;14,410;12,721;10,675;89,133;24,562;1,454;14,535;0,720;10,694;5698488,305;12;12
20241009133120_Y7_X10;9,665;174,627;0,797;840,416;0,9183;12,283;0,021;3,676;93,002;81,625;118,574;99,300;1,582;5955,841;30,695;12,356;12,396;9,802;89,661;23,607;1,406;14,511;0,619;10,898;5698488,305;12;12
20241009133120_Y7_X11;10,022;242,208;0,813;854,930;0,9915;13,120;0,459;6,968;157,794;84,413;126,861;0,000;1,649;6149,316;31,295;15,107;13,451;9,686;89,494;24,413;1,494;14,707;0,753;11,086;5698488,305;12;12
20241009133120_Y7_X12;10,140;215,802;0,573;815,584;0,9136;13,338;0,716;8,403;139,521;76,281;123,239;4,400;1,579;5865,084;32,256;16,853;12,529;9,090;90,333;24,889;1,425;14,750;0,827;11,187;5698488,305;12;12
20241009133120_Y8_X1;15,731;173,786;0,392;869,977;0,9916;18,957;-0,186;2,568;80,822;92,964;438,814;90,000;1,650;6150,019;51,221;12,738;16,272;6,128;88,177;31,699;1,941;22,175;0,695;18,990;5698488,305;12;12
20241009133120_Y8_X2;14,293;240,276;0,308;663,367;0,5794;17,511;-0,080;2,719;117,460;122,816;336,041;90,000;1,238;4662,026;48,701;12,117;15,100;7,709;90,989;31,244;1,898;21,447;0,634;16,680;5698488,305;12;12
20241009133120_Y8_X3;14,436;189,951;0,363;860,998;0,9934;18,003;-0,148;3,002;103,462;86,489;396,001;90,000;1,658;6166,552;45,541;15,033;17,737;8,791;87,747;32,237;2,083;21,172;0,773;16,934;5698488,305;12;12
20241009133120_Y8_X4;13,317;189,505;0,371;848,922;0,9745;16,525;0,062;3,136;115,972;73,533;398,933;90,000;1,637;6074,037;44,792;15,710;13,835;7,716;90,772;30,678;1,717;19,662;0,789;15,485;5698488,305;12;12
20241009133120_Y8_X5;12,321;188,491;0,298;780,842;0,8213;15,679;0,032;4,060;106,084;82,407;311,343;90,000;1,492;5575,049;38,924;16,243;16,575;7,923;88,331;27,633;1,862;17,414;0,797;14,056;5698488,305;12;12
20241009133120_Y8_X6;11,070;229,728;0,667;871,314;1,008;14,479;0,267;5,893;118,748;110,980;204,281;0,000;1,666;6109,565;34,004;16,359;16,367;8,468;87,779;24,759;1,801;15,480;0,796;12,351;5698488,305;12;12
20241009133120_Y8_X7;10,398;152,283;0,606;837,032;0,9176;13,107;0,008;3,504;84,236;68,047;165,022;0,000;1,582;5940,891;33,908;13,281;12,972;8,056;89,851;24,172;1,481;15,051;0,661;11,863;5698488,305;12;12
20241009133120_Y8_X8;11,247;166,863;0,342;851,116;0,9715;14,375;-0,179;3,904;78,566;88,297;199,025;0,000;1,630;6160,396;35,101;13,649;16,348;8,476;88,006;25,185;1,799;15,968;0,688;12,740;5698488,305;12;12
20241009133120_Y8_X9;10,289;195,177;0,671;726,124;0,6980;13,216;0,001;4,035;133,234;61,942;146,776;0,000;1,362;5326,171;31,619;14,098;14,271;8,870;87,532;23,968;1,611;14,658;0,699;11,683;5698488,305;12;12
20241009133120_Y8_X10;10,807;171,575;0,281;861,220;0,9933;13,807;-0,036;4,055;93,222;78,352;162,898;0,000;1,650;6215,097;34,614;13,919;15,238;8,591;89,714;25,143;1,634;15,643;0,698;12,133;5698488,305;12;12
20241009133120_Y8_X11;11,637;176,755;0,226;817,921;0,9087;14,754;-0,039;3,523;92,585;84,170;175,770;0,000;1,573;5966,043;36,785;14,214;15,258;8,978;88,465;26,894;1,776;16,963;0,717;13,206;5698488,305;12;12
20241009133120_Y8_X12;10,487;147,813;0,343;825,254;0,9038;13,259;-0,099;3,607;88,803;59,009;171,474;180,000;1,569;6024,789;33,255;12,355;14,246;8,004;88,398;23,277;1,584;14,931;0,617;12,084;5698488,305;12;12
20241009133120_Y9_X1;15,846;164,621;0,364;685,091;0,6528;19,551;-0,286;2,814;85,621;79,000;396,760;90,000;1,314;5317,552;50,439;13,514;20,384;7,029;87,117;32,087;2,402;22,254;0,718;18,625;5698488,305;12;12
20241009133120_Y9_X2;14,942;193,299;0,375;697,349;0,6396;18,367;-0,299;2,792;89,719;103,581;411,068;90,000;1,298;5330,392;49,419;11,659;18,621;6,308;88,559;30,420;2,203;21,085;0,639;17,631;5698488,305;12;12
20241009133120_Y9_X3;14,915;211,153;0,388;781,016;0,8237;18,165;-0,036;3,107;133,687;77,466;422,917;90,000;1,492;5756,915;48,748;16,003;16,180;6,042;89,481;30,368;1,834;20,864;0,780;17,546;5698488,305;12;12
20241009133120_Y9_X4;14,097;183,451;0,424;842,190;0,9512;17,443;-0,197;2,985;104,068;79,383;454,250;90,000;1,612;6191,528;46,050;14,098;17,720;6,297;88,315;29,101;2,057;19,691;0,700;16,629;5698488,305;12;12
20241009133120_Y9_X5;12,710;201,519;0,384;854,946;0,9879;16,364;0,006;4,494;126,857;74,661;397,611;90,000;1,646;6160,748;38,435;16,093;18,730;8,572;86,327;27,567;2,130;17,720;0,800;14,429;5698488,305;12;12
20241009133120_Y9_X6;11,856;215,954;0,381;827,626;0,9432;15,337;0,073;4,332;138,793;77,161;237,800;0,000;1,611;5896,040;36,232;16,958;17,061;9,227;87,722;28,213;1,915;16,928;0,843;13,225;5698488,305;12;12
20241009133120_Y9_X7;12,013;251,683;0,193;793,759;0,8418;15,337;-0,215;3,565;141,468;110,215;267,260;0,000;1,512;5730,356;36,190;14,889;18,069;8,447;86,306;26,953;1,989;16,699;0,744;13,735;5698488,305;12;12
20241009133120_Y9_X8;12,400;154,902;0,180;793,695;0,8569;15,763;-0,344;3,747;87,711;67,191;249,423;180,000;1,524;5863,853;36,490;13,763;19,614;7,373;85,062;24,646;2,072;16,611;0,677;14,427;5698488,305;12;12
20241009133120_Y9_X9;13,611;227,412;0,170;815,788;0,8924;17,299;-0,162;3,666;149,180;78,232;235,623;180,000;1,559;5796,841;43,027;16,573;20,059;7,173;87,637;29,084;2,284;18,646;0,806;15,334;5698488,305;12;12
20241009133120_Y9_X10;11,529;202,668;0,161;813,565;0,8925;14,829;-0,168;4,165;127,551;75,117;222,540;0,000;1,555;5984,335;35,353;14,430;18,100;7,894;87,182;24,922;1,958;15,893;0,705;13,013;5698488,305;12;12
20241009133120_Y9_X11;11,893;168,528;0,174;826,314;0,9052;15,099;-0,263;3,476;94,184;74,345;242,180;0,000;1,567;6067,881;37,255;12,997;17,631;8,668;88,191;26,533;1,923;17,094;0,660;13,498;5698488,305;12;12
20241009133120_Y9_X12;11,313;136,328;0,144;813,222;0,8716;14,108;-0,184;3,040;70,472;65,857;199,675;0,000;1,537;5943,002;37,041;11,366;14,497;7,694;89,125;24,905;1,686;16,349;0,586;13,057;5698488,305;12;12
20241009133120_Y10_X1;15,928;211,009;0,447;691,364;0,6596;19,856;-0,287;2,831;130,270;80,739;476,607;90,000;1,319;5764,126;50,426;13,741;22,154;8,022;87,500;33,477;2,546;22,868;0,711;18,543;5698488,305;12;12
20241009133120_Y10_X2;16,224;179,931;0,414;605,171;0,4893;20,112;-0,262;2,872;98,214;81,716;436,876;90,000;1,122;4957,338;51,032;12,591;20,498;8,161;86,773;32,595;2,375;23,654;0,662;19,610;5698488,305;12;12
20241009133120_Y10_X3;15,506;195,179;0,396;681,782;0,6208;19,218;-0,339;2,995;97,799;97,380;419,233;90,000;1,278;5306,296;48,459;14,738;22,202;6,276;86,772;30,934;2,423;20,976;0,747;18,144;5698488,305;12;12
20241009133120_Y10_X4;14,889;203,548;0,468;813,351;0,8895;18,438;-0,105;3,123;123,181;80,367;486,671;0,000;1,549;6238,138;49,086;13,963;16,949;6,994;88,306;31,025;2,158;21,383;0,719;17,522;5698488,305;12;12
20241009133120_Y10_X5;14,615;197,464;0,298;791,287;0,8345;18,310;-0,200;3,144;112,451;85,013;410,688;0,000;1,495;6068,936;46,811;13,107;19,436;7,843;87,678;30,184;2,324;20,987;0,671;16,985;5698488,305;12;12
20241009133120_Y10_X6;13,778;192,512;0,254;775,014;0,8187;17,309;-0,280;3,201;75,946;116,566;352,562;0,000;1,487;5829,731;43,737;13,751;20,002;7,898;88,354;29,531;2,174;19,600;0,706;15,812;5698488,305;12;12
20241009133120_Y10_X7;13,904;182,610;0,208;823,023;0,9068;17,609;-0,524;3,481;97,350;85,261;287,535;0,000;1,572;6011,421;40,041;12,638;23,274;7,782;84,018;27,004;2,481;18,587;0,650;16,199;5698488,305;12;12
20241009133120_Y10_X8;13,680;252,654;0,180;770,312;0,7930;17,104;-0,176;3,243;95,960;156,694;249,475;0,000;1,457;5550,601;41,965;15,443;18,026;7,266;85,863;28,397;2,064;18,813;0,763;16,140;5698488,305;12;12
20241009133120_Y10_X9;12,860;192,048;0,178;808,472;0,8661;16,172;-0,159;3,333;102,839;89,209;245,978;0,000;1,536;5831,138;41,020;14,940;17,891;7,538;88,271;28,584;2,025;18,014;0,750;14,572;5698488,305;12;12
20241009133120_Y10_X10;13,388;167,734;0,159;858,220;0,9868;16,567;-0,150;2,879;97,055;70,679;219,694;0,000;1,645;6122,757;44,569;12,230;15,798;7,513;89,418;28,950;1,949;19,517;0,642;15,538;5698488,305;12;12
20241009133120_Y10_X11;13,279;156,854;0,198;834,226;0,9092;16,504;-0,195;3,033;80,989;75,865;275,249;0,000;1,572;6151,602;43,145;12,528;16,728;7,916;88,866;28,717;1,926;19,278;0,664;15,501;5698488,305;12;12
20241009133120_Y10_X12;12,485;191,326;0,189;788,247;0,8211;15,768;-0,189;3,638;114,480;76,846;261,908;0,000;1,486;5875,462;39,948;13,974;16,642;8,050;88,548;27,970;1,874;17,877;0,715;14,428;5698488,305;12;12
20241009133120_Y11_X1;18,089;183,173;0,444;678,309;0,6281;22,498;-0,365;2,935;71,866;111,308;467,026;0,000;1,282;5864,029;60,257;13,478;25,417;7,129;89,314;38,314;2,892;25,930;0,764;20,759;5698488,305;12;12
20241009133120_Y11_X2;18,339;172,485;0,492;721,297;0,6932;22,468;-0,251;2,663;85,484;87,000;514,018;0,000;1,353;5990,315;62,721;12,387;23,374;6,873;90,615;37,640;2,669;26,989;0,710;21,243;5698488,305;12;12
20241009133120_Y11_X3;16,444;188,102;0,322;762,661;0,7872;20,597;-0,272;2,954;86,919;101,182;444,257;0,000;1,449;6201,554;51,818;14,487;22,537;8,821;87,443;34,821;2,697;23,820;0,748;18,854;5698488,305;12;12
20241009133120_Y11_X4;17,359;200,797;0,328;786,271;0,8415;21,861;-0,414;3,110;106,184;94,613;451,704;0,000;1,505;6267,863;53,846;14,787;28,322;7,935;87,096;35,293;3,076;24,210;0,793;19,621;5698488,305;12;12
20241009133120_Y11_X5;17,437;185,433;0,304;805,853;0,8518;21,616;-0,408;2,821;95,574;89,860;422,385;0,000;1,514;6140,345;56,107;12,553;24,159;6,414;86,819;34,601;2,875;23,980;0,719;20,460;5698488,305;12;12
20241009133120_Y11_X6;16,642;173,608;0,237;799,343;0,8277;20,695;-0,316;2,876;83,337;90,272;330,176;0,000;1,490;5990,315;52,187;13,462;23,311;8,334;87,446;34,354;2,591;24,122;0,704;19,475;5698488,305;12;12
20241009133120_Y11_X7;15,848;167,864;0,239;824,387;0,8906;19,650;-0,288;2,917;82,002;85,862;333,948;0,000;1,555;5986,094;50,508;15,113;20,791;6,673;87,109;32,843;2,415;21,909;0,780;18,662;5698488,305;12;12
20241009133120_Y11_X8;15,757;194,483;0,209;712,430;0,6688;19,589;-0,204;2,970;82,824;111,659;292,208;0,000;1,332;5233,479;52,368;14,539;19,653;7,488;89,520;34,022;2,341;22,929;0,761;18,209;5698488,305;12;12
20241009133120_Y11_X9;16,446;203,055;0,215;779,995;0,8271;20,236;-0,184;2,887;114,345;88,710;300,553;0,000;1,495;5529,494;53,650;14,800;19,497;6,559;88,136;33,530;2,318;23,211;0,773;19,564;5698488,305;12;12
20241009133120_Y11_X10;15,818;199,209;0,210;799,856;0,8628;19,338;-0,299;2,684;84,647;114,562;294,058;0,000;1,530;5888,477;49,724;12,075;19,622;6,301;85,942;29,986;2,276;21,886;0,652;19,165;5698488,305;12;12
20241009133120_Y11_X11;16,230;204,951;0,218;817,246;0,9030;19,634;-0,077;2,752;108,467;96,484;305,080;0,000;1,566;6065,066;55,961;14,558;15,651;5,430;90,745;33,041;2,004;23,191;0,738;19,294;5698488,305;12;12
20241009133120_Y11_X12;16,997;189,509;0,181;810,035;0,8701;20,709;-0,129;2,766;106,657;82,851;252,826;0,000;1,534;5885,839;57,881;14,251;18,234;6,202;90,390;34,900;2,196;24,561;0,760;20,217;5698488,305;12;12
20241009133120_Y12_X7;57,575;464,985;0,186;831,111;0,9340;74,104;-1,375;4,247;183,152;281,833;260,313;0,000;1,597;5726,838;93,333;21,932;158,661;3,604;70,981;51,736;15,257;51,182;1,021;64,487;5698488,305;12;12
20241009133120_Y12_X8;52,744;421,982;0,196;807,429;0,8705;67,595;-1,335;4,112;145,117;276,865;275,192;0,000;1,532;5644,172;85,261;14,030;150,594;3,890;71,530;48,347;13,227;48,600;0,833;62,285;5698488,305;12;12
20241009133120_Y12_X9;47,406;432,259;0,201;808,294;0,9048;59,825;-1,151;3,736;210,798;221,461;282,325;0,000;1,565;5585,954;78,437;26,661;124,836;4,204;70,428;44,887;10,720;45,193;1,079;57,197;5698488,305;12;12
20241009133120_Y12_X10;42,503;305,469;0,197;832,868;0,9199;53,310;-1,154;3,543;114,167;191,302;277,118;0,000;1,578;5896,216;78,223;12,224;108,128;3,529;72,120;43,044;9,721;41,859;0,721;50,795;5698488,305;12;12
20241009133120_Y12_X11;39,776;334,866;0,202;837,912;0,9487;49,755;-1,047;3,374;152,102;182,765;284,776;0,000;1,606;5929,283;78,698;18,547;96,829;3,872;73,375;44,074;8,537;40,776;0,879;48,760;5698488,305;12;12
20241009133120_Y12_X12;41,829;1077,514;0,207;880,011;2,284;52,163;-0,431;9,611;902,593;174,922;291,944;0,000;2,670;5692,716;81,914;24,022;96,964;3,614;72,141;45,338;8,567;43,354;0,964;51,108;5698488,305;12;12
20241010100039_Y1_X1;10,540;199,117;0,153;747,767;0,7493;13,233;0,238;4,333;148,747;50,370;211,767;0,000;1,410;6026,899;35,250;12,873;11,773;8,899;91,779;25,368;1,366;15,954;0,648;11,955;5698488,305;12;12
20241010100039_Y1_X2;10,468;119,217;0,185;737,266;0,7315;13,007;-0,089;2,980;69,131;50,086;254,969;0,000;1,394;6067,529;35,318;10,662;12,942;8,240;91,081;24,133;1,495;15,619;0,553;11,840;5698488,305;12;12
20241010100039_Y1_X3;10,151;139,096;0,217;719,968;0,6970;12,751;-0,107;3,026;87,033;52,063;298,881;0,000;1,356;6120,646;32,381;10,661;13,609;10,218;89,637;23,811;1,537;15,452;0,530;11,438;5698488,305;12;12
20241010100039_Y1_X4;11,006;134,238;0,386;790,847;0,8575;13,682;-0,168;2,866;73,789;60,449;350,616;0,000;1,518;6507,419;35,599;11,038;13,751;8,016;88,483;24,417;1,639;15,933;0,573;12,744;5698488,305;12;12
20241010100039_Y1_X5;11,668;204,672;0,244;785,394;0,8414;14,554;-0,055;2,876;141,874;62,798;335,752;0,000;1,499;6486,137;37,817;12,406;14,003;10,173;90,195;28,006;1,637;18,087;0,616;13,325;5698488,305;12;12
20241010100039_Y1_X6;13,137;157,993;0,352;785,664;0,8269;16,267;-0,222;2,831;96,583;61,409;485,649;0,000;1,484;6458,171;43,666;11,773;17,252;7,292;89,710;28,463;1,943;18,953;0,629;15,206;5698488,305;12;12
20241010100039_Y1_X7;13,462;162,290;0,306;544,422;0,3822;16,627;0,159;2,911;103,414;58,876;425,015;0,000;0,985;4305,506;43,695;14,532;12,818;11,198;91,701;32,142;1,624;21,263;0,708;15,477;5698488,305;12;12
20241010100039_Y1_X8;14,617;137,479;0,303;493,418;0,3089;17,800;-0,164;2,545;74,874;62,605;420,642;0,000;0,875;3835,363;50,331;11,206;15,407;6,636;90,422;31,043;1,968;21,366;0,633;17,215;5698488,305;12;12
20241010100039_Y1_X9;14,665;135,296;0,266;774,470;0,8118;18,160;-0,115;2,683;73,296;61,999;368,255;0,000;1,474;6219,494;47,683;13,619;17,238;9,370;89,251;33,157;2,110;22,241;0,699;16,945;5698488,305;12;12
20241010100039_Y2_X1;10,080;198,550;0,427;753,060;0,7702;13,067;-0,054;4,825;134,207;64,342;175,551;0,000;1,436;5977,124;30,878;12,533;16,030;9,280;87,871;22,867;1,754;14,366;0,626;11,093;5698488,305;12;12
20241010100039_Y2_X2;9,451;193,067;0,138;790,584;0,8438;12,157;0,430;7,370;136,789;56,277;190,500;0,000;1,504;6333,996;30,202;12,393;12,257;9,916;90,383;23,102;1,363;14,235;0,620;10,536;5698488,305;12;12
20241010100039_Y2_X3;10,371;148,470;0,389;776,542;0,8219;12,949;-0,022;3,017;93,942;54,528;336,864;0,000;1,486;6302,336;33,849;11,807;12,074;8,996;89,944;24,709;1,433;15,541;0,602;11,946;5698488,305;12;12
20241010100039_Y2_X4;11,023;180,996;0,479;711,954;0,6832;13,702;0,069;3,187;122,366;58,630;265,469;0,000;1,344;5731,235;36,950;12,700;11,622;8,182;90,676;25,824;1,473;16,388;0,646;12,676;5698488,305;12;12
20241010100039_Y2_X5;10,720;173,778;0,274;780,908;0,8221;13,716;-0,194;3,542;69,237;104,541;377,267;0,000;1,483;6309,899;33,301;12,758;16,354;10,463;89,377;25,779;1,700;16,140;0,632;11,923;5698488,305;12;12
20241010100039_Y2_X6;12,283;167,908;0,274;777,518;0,8168;15,302;-0,025;2,886;75,002;92,907;377,520;0,000;1,477;6282,637;40,263;13,321;14,208;9,558;90,273;29,273;1,724;18,755;0,674;13,968;5698488,305;12;12
20241010100039_Y2_X7;12,060;144,440;0,242;763,914;0,7842;15,072;-0,154;2,984;76,157;68,282;335,267;0,000;1,446;6224,243;39,206;11,901;15,694;9,234;89,725;27,698;1,810;18,081;0,610;13,695;5698488,305;12;12
20241010100039_Y2_X8;13,215;213,969;0,238;664,125;0,5944;16,232;-0,041;2,701;152,877;61,093;328,639;0,000;1,248;5383,685;45,193;12,805;13,550;7,826;91,018;30,350;1,744;19,754;0,680;15,334;5698488,305;12;12
20241010100039_Y2_X9;14,092;148,277;0,249;783,956;0,8356;17,106;-0,143;2,631;86,628;61,649;348,005;0,000;1,500;6178,513;49,963;11,073;14,414;5,306;91,362;29,050;1,877;20,272;0,601;16,549;5698488,305;12;12
20241010100039_Y3_X1;9,561;127,836;0,458;812,194;0,8547;12,075;-0,259;3,236;60,613;67,223;158,971;0,000;1,516;6314,472;30,131;10,117;13,870;8,744;88,287;21,540;1,536;13,798;0,519;10,871;5698488,305;12;12
20241010100039_Y3_X2;9,864;140,773;0,454;787,439;0,8291;12,708;0,027;3,926;77,699;63,074;176,245;0,000;1,492;6068,936;30,494;13,705;13,946;9,765;88,688;23,829;1,550;14,430;0,686;10,938;5698488,305;12;12
20241010100039_Y3_X3;9,449;175,310;0,671;788,347;0,8275;12,050;-0,007;3,473;112,957;62,353;173,884;90,000;1,490;6136,476;29,326;12,436;12,839;9,785;88,467;22,953;1,456;13,942;0,623;10,608;5698488,305;12;12
20241010100039_Y3_X4;9,800;208,247;0,385;736,899;0,7278;12,482;0,044;3,774;154,043;54,203;233,114;0,000;1,391;5878,979;30,688;12,284;12,929;10,031;88,980;23,563;1,471;14,666;0,614;11,041;5698488,305;12;12
20241010100039_Y3_X5;10,309;159,629;0,465;757,722;0,7659;12,834;-0,115;2,959;96,339;63,289;257,316;0,000;1,433;6041,674;34,034;10,289;12,683;8,667;90,144;23,554;1,484;15,407;0,532;11,802;5698488,305;12;12
20241010100039_Y3_X6;10,497;133,963;0,163;752,381;0,7491;13,243;-0,238;3,237;67,927;66,035;224,969;0,000;1,412;5925,061;33,425;11,150;15,013;8,617;88,718;23,845;1,670;15,197;0,570;11,901;5698488,305;12;12
20241010100039_Y3_X7;11,515;198,937;0,260;806,505;0,8756;14,189;-0,144;2,929;123,754;75,183;359,641;0,000;1,541;6276,657;39,553;10,184;13,753;7,445;91,395;25,613;1,630;16,987;0,546;13,095;5698488,305;12;12
20241010100039_Y3_X8;11,949;143,464;0,218;695,159;0,6336;15,050;-0,340;3,284;74,404;69,060;303,278;0,000;1,292;5355,719;37,401;11,573;17,462;7,709;87,182;25,070;1,939;16,807;0,593;13,870;5698488,305;12;12
20241010100039_Y3_X9;12,950;134,199;0,243;769,250;0,7870;15,915;-0,171;2,693;69,081;65,118;340,611;0,000;1,449;6100,068;42,976;11,413;14,816;7,499;89,495;28,150;1,771;18,970;0,610;15,276;5698488,305;12;12
20241010100039_Y4_X1;8,430;151,635;0,903;741,742;0,7316;10,573;-0,087;3,120;86,848;64,787;120,634;0,000;1,394;5930,866;27,221;9,632;10,668;8,631;89,417;19,639;1,228;12,367;0,488;9,649;5698488,305;12;12
20241010100039_Y4_X2;9,264;168,944;0,928;740,929;0,7371;11,948;-0,116;4,002;86,378;82,566;137,518;0,000;1,402;5704,501;28,630;12,160;14,103;9,155;88,306;21,753;1,526;13,295;0,607;10,304;5698488,305;12;12
20241010100039_Y4_X3;10,167;184,513;0,432;790,263;0,8472;13,011;-0,138;3,870;118,721;65,792;174,338;90,000;1,513;6013,180;31,532;12,012;14,818;9,520;88,078;23,479;1,654;14,869;0,604;11,428;5698488,305;12;12
20241010100039_Y4_X4;9,798;148,911;0,690;678,814;0,6224;12,332;-0,020;3,512;88,526;60,385;137,069;90,000;1,281;5283,782;31,994;11,512;12,105;8,470;89,812;22,736;1,412;14,414;0,580;11,184;5698488,305;12;12
20241010100039_Y4_X5;10,185;191,116;0,432;774,100;0,8095;12,986;-0,250;4,621;83,224;107,892;196,045;0,000;1,473;5973,430;32,643;12,135;13,765;9,422;89,924;24,503;1,505;15,208;0,611;11,495;5698488,305;12;12
20241010100039_Y4_X6;10,373;183,474;0,408;785,864;0,8408;13,663;0,876;8,912;125,072;58,402;147,503;0,000;1,505;5908,528;33,434;16,317;12,735;9,076;90,885;24,420;1,428;15,280;0,800;11,490;5698488,305;12;12
20241010100039_Y4_X7;10,183;280,365;0,169;826,492;0,9202;13,069;-0,056;3,902;216,357;64,007;233,785;0,000;1,583;6162,683;31,823;13,348;15,025;9,601;89,305;24,537;1,598;14,936;0,668;11,306;5698488,305;12;12
20241010100039_Y4_X8;11,182;309,897;0,193;789,824;0,8424;13,920;-0,144;3,053;105,044;204,852;268,622;0,000;1,510;6091,977;35,962;11,390;13,803;8,338;88,546;24,845;1,626;16,314;0,589;13,003;5698488,305;12;12
20241010100039_Y4_X9;11,778;234,394;0,174;800,847;0,8681;14,706;-0,065;3,744;161,905;72,489;242,597;0,000;1,530;6171,125;39,715;12,341;15,112;7,035;90,829;25,468;1,666;17,015;0,627;13,528;5698488,305;12;12
20241010100039_Y5_X1;9,080;145,268;0,932;822,689;0,9076;11,690;0,028;3,997;76,935;68,333;114,247;0,000;1,570;6058,910;28,134;12,936;12,804;9,250;88,495;21,970;1,426;13,102;0,644;10,106;5698488,305;12;12
20241010100039_Y5_X2;9,348;167,380;0,852;764,061;0,7733;11,971;-0,359;3,847;72,677;94,702;152,288;90,000;1,443;5697,993;28,820;10,216;14,532;9,345;87,894;21,319;1,574;13,506;0,517;10,511;5698488,305;12;12
20241010100039_Y5_X3;9,532;147,718;0,755;809,797;0,8699;12,212;0,246;3,951;86,688;61,030;123,566;90,000;1,541;5928,227;29,995;14,081;11,586;10,392;90,037;24,687;1,348;14,423;0,704;10,541;5698488,305;12;12
20241010100039_Y5_X4;9,236;204,916;0,707;767,375;0,7912;11,774;0,050;3,442;155,891;49,024;117,877;0,000;1,458;5708,194;28,919;12,469;12,361;10,857;90,163;23,676;1,347;14,167;0,616;10,233;5698488,305;12;12
20241010100039_Y5_X5;9,687;172,316;0,407;805,996;0,8540;12,394;-0,231;3,808;95,011;77,305;159,615;0,000;1,518;6034,638;30,290;10,967;14,824;9,319;88,566;22,314;1,612;14,106;0,552;10,788;5698488,305;12;12
20241010100039_Y5_X6;10,203;183,465;0,513;836,855;0,9698;13,547;0,463;7,156;111,771;71,695;107,191;0,000;1,626;6278,592;31,176;15,795;15,023;9,411;88,645;23,589;1,602;14,644;0,781;11,269;5698488,305;12;12
20241010100039_Y5_X7;9,702;154,019;0,178;826,586;0,9196;12,213;0,042;3,437;94,389;59,630;245,410;0,000;1,581;6246,932;31,496;11,774;11,492;8,988;89,731;22,959;1,376;14,447;0,593;11,058;5698488,305;12;12
20241010100039_Y5_X8;9,499;145,328;0,132;782,651;0,8021;12,005;0,088;3,708;90,982;54,346;183,161;0,000;1,464;6158,989;30,812;12,127;11,540;8,772;89,921;22,541;1,339;14,029;0,607;10,803;5698488,305;12;12
20241010100039_Y5_X9;11,301;159,534;0,210;781,858;0,8183;13,894;-0,134;2,918;101,139;58,394;295,016;0,000;1,479;6269,973;36,864;11,234;12,921;6,830;88,588;23,817;1,542;16,001;0,580;13,316;5698488,305;12;12
20241010100039_Y6_X1;9,808;153,500;0,704;755,718;0,7739;12,418;-0,029;3,600;79,507;73,993;137,389;0,000;1,441;5689,902;31,429;12,032;12,702;8,658;89,060;22,759;1,463;14,314;0,604;11,157;5698488,305;12;12
20241010100039_Y6_X2;10,097;205,499;0,676;769,746;0,7986;13,250;-0,089;5,517;132,399;73,101;164,235;90,000;1,469;5608,819;29,997;13,717;16,999;8,691;86,824;22,476;1,781;13,879;0,678;11,218;5698488,305;12;12
20241010100039_Y6_X3;10,153;877,385;0,898;841,340;1,430;14,017;5,498;257,753;799,253;78,132;105,465;90,000;2,119;5894,106;31,518;14,097;15,373;8,544;88,422;23,003;1,644;14,308;0,699;11,314;5698488,305;12;12
20241010100039_Y6_X4;9,556;907,991;0,825;839,744;1,229;12,913;3,659;188,327;827,526;80,466;92,771;168,600;1,866;5943,178;29,589;13,188;14,791;9,155;88,768;22,560;1,570;13,681;0,656;10,527;5698488,305;12;12
20241010100039_Y6_X5;9,618;138,502;0,657;737,825;0,7188;12,257;-0,066;3,440;73,478;65,023;125,159;0,000;1,383;5454,919;30,009;11,943;13,465;10,476;89,427;23,468;1,468;14,514;0,593;10,725;5698488,305;12;12
20241010100039_Y6_X6;9,753;209,010;0,645;757,678;0,7829;13,097;0,680;8,520;122,723;86,287;120,737;0,000;1,450;5582,612;30,109;16,784;13,839;10,010;90,078;24,396;1,460;14,266;0,839;10,525;5698488,305;12;12
20241010100039_Y6_X7;9,430;158,899;0,156;761,411;0,7669;11,960;0,041;3,467;80,949;77,949;152,535;0,000;1,434;5820,409;29,929;12,193;11,834;9,766;89,405;23,098;1,386;14,112;0,611;10,590;5698488,305;12;12
20241010100039_Y6_X8;9,536;147,113;0,150;807,781;0,8726;12,299;0,217;4,655;91,980;55,133;207,361;0,000;1,537;6264,169;29,835;13,513;12,546;9,618;89,073;22,984;1,417;14,049;0,676;10,693;5698488,305;12;12
20241010100039_Y6_X9;11,196;167,762;0,159;775,202;0,8322;14,030;0,364;4,151;113,554;54,208;220,636;0,000;1,500;6079,137;38,121;15,199;10,838;8,403;92,648;27,075;1,351;16,870;0,755;12,705;5698488,305;12;12
20241010100039_Y7_X1;9,617;179,435;0,634;810,492;0,8779;12,506;-0,364;4,234;94,419;85,015;132,534;175,900;1,541;6019,336;29,217;11,505;16,342;9,592;88,040;22,102;1,692;13,782;0,579;10,607;5698488,305;12;12
20241010100039_Y7_X2;10,803;165,136;0,848;804,684;0,8864;13,939;-0,085;4,005;104,205;60,931;161,371;180,000;1,554;5896,040;33,094;14,532;16,525;8,772;87,740;24,635;1,792;15,227;0,722;12,065;5698488,305;12;12
20241010100039_Y7_X3;10,191;875,996;0,707;819,222;1,088;13,594;2,973;138,386;806,905;69,091;106,555;169,500;1,806;5663,343;31,362;14,756;14,302;9,989;88,844;25,106;1,566;15,015;0,738;11,304;5698488,305;12;12
20241010100039_Y7_X4;9,850;903,695;0,648;833,493;1,395;13,195;2,692;128,339;820,718;82,978;104,036;171,800;2,038;5855,938;29,321;15,865;13,654;11,229;88,441;25,742;1,509;14,779;0,795;10,797;5698488,305;12;12
20241010100039_Y7_X5;10,107;323,327;0,649;805,059;0,9055;13,067;0,166;6,872;232,745;90,582;178,508;174,600;1,571;5861,215;31,339;13,374;14,698;8,866;88,103;23,373;1,636;14,415;0,663;11,327;5698488,305;12;12
20241010100039_Y7_X6;9,066;182,100;0,813;813,717;0,9002;11,809;0,531;6,432;116,992;65,108;99,366;0,000;1,563;6068,408;28,391;14,354;11,017;9,967;89,813;22,805;1,269;13,492;0,717;10,079;5698488,305;12;12
20241010100039_Y7_X7;9,566;126,746;0,515;796,440;0,8501;12,086;-0,216;3,344;62,492;64,254;132,291;0,000;1,513;5997,878;30,108;10,698;13,337;8,327;87,839;21,414;1,514;13,639;0,545;10,938;5698488,305;12;12
20241010100039_Y7_X8;10,084;158,700;0,143;833,303;0,9333;12,766;-0,208;3,413;89,480;69,220;197,025;0,000;1,593;6402,943;31,337;11,057;14,369;8,613;87,411;22,240;1,627;14,393;0,564;11,517;5698488,305;12;12
20241010100039_Y7_X9;10,560;188,576;0,229;791,055;0,8501;13,370;-0,003;4,276;130,718;57,857;316,005;0,000;1,513;6247,460;34,505;12,003;14,252;7,973;89,820;23,423;1,585;15,286;0,602;12,005;5698488,305;12;12
20241010100039_Y8_X1;10,163;212,285;0,752;779,296;0,8120;13,049;-0,070;3,947;148,989;63,296;161,487;180,000;1,478;5670,379;31,486;12,725;14,983;9,714;88,527;23,988;1,640;14,888;0,638;11,331;5698488,305;12;12
20241010100039_Y8_X2;11,066;222,335;0,774;817,622;0,9351;14,375;0,139;4,382;103,993;118,342;143,662;5,000;1,608;5798,072;33,953;16,585;16,037;10,120;89,109;27,981;1,715;16,288;0,829;12,185;5698488,305;12;12
20241010100039_Y8_X3;10,209;160,591;0,755;869,975;1,016;12,908;0,099;3,254;88,975;71,616;126,270;174,700;1,670;6187,659;32,428;13,471;12,223;10,460;90,004;25,914;1,445;15,651;0,668;11,416;5698488,305;12;12
20241010100039_Y8_X4;10,876;192,248;0,573;807,175;0,8988;14,386;0,771;8,550;131,432;60,816;168,600;90,000;1,558;5988,556;33,919;17,771;13,732;8,668;88,620;24,920;1,589;15,497;0,861;12,216;5698488,305;12;12
20241010100039_Y8_X5;9,392;188,261;0,789;852,997;0,9688;11,987;0,161;3,736;126,899;61,362;112,624;179,800;1,626;6145,974;29,592;13,292;11,387;9,931;89,393;23,461;1,349;14,065;0,664;10,517;5698488,305;12;12
20241010100039_Y8_X6;9,558;175,868;0,849;782,684;0,8359;12,342;0,274;4,943;107,965;67,902;111,563;0,000;1,502;5758,322;29,938;13,874;12,304;9,613;89,132;23,265;1,405;14,076;0,693;10,702;5698488,305;12;12
20241010100039_Y8_X7;9,140;153,644;0,728;804,673;0,8677;11,708;-0,130;3,780;67,742;85,902;118,855;0,000;1,535;6062,428;28,616;11,360;13,475;9,190;88,689;21,296;1,479;13,240;0,571;10,165;5698488,305;12;12
20241010100039_Y8_X8;10,136;129,872;0,425;817,633;0,8928;12,745;-0,128;3,203;64,605;65,267;198,701;90,000;1,561;6118,887;32,632;11,405;13,228;8,856;89,370;23,579;1,492;14,967;0,580;11,596;5698488,305;12;12
20241010100039_Y8_X9;11,410;189,956;0,418;803,113;0,8924;14,366;0,019;3,401;136,263;53,693;393,258;0,000;1,557;6294,949;36,360;13,483;14,269;8,997;88,950;26,273;1,650;16,832;0,680;13,105;5698488,305;12;12
20241010100039_Y9_X1;11,925;241,173;0,781;870,822;1,024;15,052;-0,152;3,501;148,226;92,947;186,077;180,000;1,681;6082,303;38,556;12,631;16,559;8,713;89,568;26,762;1,828;17,514;0,647;13,506;5698488,305;12;12
20241010100039_Y9_X2;10,004;229,912;0,736;818,581;0,9283;12,822;0,094;3,725;158,964;70,948;117,635;0,000;1,598;5828,148;31,151;14,406;13,240;10,213;89,281;25,832;1,496;14,977;0,719;11,088;5698488,305;12;12
20241010100039_Y9_X3;10,055;151,616;0,731;847,021;0,9609;12,692;-0,074;3,373;80,581;71,035;124,878;90,000;1,622;6060,317;32,318;11,687;13,083;8,944;89,257;23,335;1,520;14,787;0,591;11,369;5698488,305;12;12
20241010100039_Y9_X4;8,974;168,746;0,865;726,676;0,7067;11,488;-0,160;3,783;84,805;83,941;110,119;178,100;1,372;5429,767;27,788;10,529;13,541;9,546;88,327;20,664;1,469;13,093;0,530;10,048;5698488,305;12;12
20241010100039_Y9_X5;8,792;264,122;0,767;807,780;0,8762;11,431;-0,202;4,529;188,004;76,118;104,755;150,800;1,543;5958,480;26,835;11,402;13,870;10,164;88,711;21,125;1,436;12,921;0,570;9,749;5698488,305;12;12
20241010100039_Y9_X6;9,353;150,485;0,834;801,237;0,8552;12,236;-0,066;4,861;76,180;74,305;110,376;178,400;1,520;5852,069;28,596;13,389;14,456;9,551;88,541;22,327;1,530;13,456;0,667;10,294;5698488,305;12;12
20241010100039_Y9_X7;8,717;146,969;0,819;760,255;0,7861;11,281;-0,047;4,226;79,553;67,416;93,261;170,400;1,454;5637,840;26,583;11,854;13,022;9,368;87,828;20,360;1,420;12,503;0,591;9,739;5698488,305;12;12
20241010100039_Y9_X8;11,801;150,943;0,242;721,541;0,7155;14,761;0,085;3,281;89,767;61,175;251,359;90,000;1,383;5518,414;38,508;13,694;12,987;9,599;90,514;28,161;1,576;17,982;0,689;13,522;5698488,305;12;12
20241010100039_Y9_X9;13,531;181,272;0,424;807,819;0,8864;16,731;-0,197;2,960;105,393;75,879;442,105;90,000;1,549;6227,585;45,646;11,433;16,531;7,363;90,264;29,025;1,954;19,847;0,612;15,678;5698488,305;12;12
20241010100039_Y10_X1;12,815;165,719;0,724;782,961;0,8335;16,151;0,037;3,358;97,187;68,533;173,087;0,000;1,507;5203,930;41,239;15,465;15,643;9,605;90,041;30,675;1,815;19,300;0,775;14,529;5698488,305;12;12
20241010100039_Y10_X2;11,024;166,722;0,769;628,357;0,5198;14,077;-0,079;3,778;93,567;73,155;123,338;180,000;1,168;3967,278;35,219;14,223;16,006;8,589;89,503;25,962;1,718;15,896;0,715;12,282;5698488,305;12;12
20241010100039_Y10_X3;9,901;134,911;0,701;769,997;0,7954;12,535;-0,113;3,382;76,614;58,297;152,149;90,000;1,460;5774,855;31,428;11,384;13,521;8,944;88,685;22,612;1,547;14,452;0,575;11,190;5698488,305;12;12
20241010100039_Y10_X4;8,500;140,200;0,656;763,195;0,8021;11,022;-0,304;4,580;66,716;73,484;104,863;180,000;1,468;5839,933;26,336;10,771;13,361;9,019;88,491;19,727;1,412;12,163;0,539;9,449;5698488,305;12;12
20241010100039_Y10_X5;8,912;162,746;0,898;807,071;0,8917;11,407;0,155;4,245;80,936;81,811;99,088;2,000;1,556;5930,866;28,681;12,826;11,516;8,634;89,975;21,515;1,287;12,955;0,636;9,993;5698488,305;12;12
20241010100039_Y10_X6;9,775;160,069;0,716;876,839;1,039;12,525;0,096;4,046;97,910;62,159;116,238;0,000;1,693;6173,236;30,944;13,165;13,292;9,426;89,435;23,372;1,492;14,386;0,659;10,857;5698488,305;12;12
20241010100039_Y10_X7;10,099;132,360;0,827;626,852;0,5126;12,758;-0,057;3,350;72,178;60,182;156,756;90,000;1,154;4445,687;32,334;12,224;13,242;8,834;89,262;23,850;1,520;14,763;0,613;11,416;5698488,305;12;12
20241010100039_Y10_X8;12,321;214,443;0,284;749,599;0,7550;15,323;-0,124;2,963;124,631;89,812;295,157;90,000;1,426;5421,149;40,488;12,230;15,117;8,233;89,619;27,482;1,776;18,162;0,632;14,239;5698488,305;12;12
20241010100039_Y10_X9;15,158;181,458;0,396;799,845;0,8607;18,654;-0,286;3,054;97,724;83,735;423,257;90,000;1,528;6005,969;52,630;11,828;18,951;5,533;90,948;30,840;2,180;21,614;0,634;17,670;5698488,305;12;12
20241010105916_Y1_X1;9,767;115,096;0,225;689,129;0,6447;12,147;-0,184;3,077;50,454;64,642;317,086;0,000;1,297;6150,371;32,922;9,431;12,416;8,018;90,988;22,243;1,402;14,467;0,496;11,134;5698488,305;12;12
20241010105916_Y1_X2;15,135;195,084;0,321;615,889;0,5353;18,330;-0,179;2,421;84,779;110,305;446,799;0,000;1,175;5620,603;51,118;10,299;15,179;6,618;89,398;30,977;1,948;22,230;0,591;18,248;5698488,305;12;12
20241010105916_Y1_X3;17,810;160,902;0,296;581,423;0,4718;21,712;-0,165;2,480;90,345;70,556;413,110;0,000;1,096;5274,108;60,285;13,968;16,842;6,368;88,519;37,045;2,433;25,656;0,755;21,469;5698488,305;12;12
20241010105916_Y1_X4;21,138;159,309;0,301;503,638;0,3492;24,888;-0,114;2,163;85,203;74,106;423,677;0,000;0,931;4353,523;80,742;10,732;14,891;3,155;94,440;42,197;2,431;30,541;0,699;24,937;5698488,305;12;12
20241010105916_Y1_X5;20,719;166,162;0,276;569,293;0,4628;25,088;-0,115;2,373;83,900;82,262;388,453;0,000;1,086;5094,001;71,469;13,456;19,245;7,578;91,014;43,397;2,618;31,526;0,760;24,604;5698488,305;12;12
20241010105916_Y1_X6;21,760;156,824;0,247;461,631;0,2963;25,690;-0,057;2,113;73,166;83,658;349,255;0,000;0,851;3853,656;83,844;10,497;15,638;3,472;95,831;44,179;2,099;32,580;0,702;26,801;5698488,305;12;12
20241010105916_Y1_X7;22,144;177,138;0,241;742,316;0,7817;26,397;-0,117;2,270;89,051;88,087;338,124;0,000;1,442;5945,288;74,862;15,421;17,796;5,960;89,211;45,029;2,481;32,004;0,905;27,179;5698488,305;12;12
20241010105916_Y1_X8;23,810;179,209;0,265;742,167;0,7836;28,472;-0,124;2,218;93,880;85,329;372,509;0,000;1,451;5992,074;85,642;14,232;17,489;4,801;91,335;47,696;2,865;34,857;0,841;28,864;5698488,305;12;12
20241010105916_Y1_X9;24,272;192,377;0,237;742,496;0,7834;28,418;-0,043;2,155;95,288;97,089;334,865;0,000;1,448;5975,541;86,632;13,889;17,532;4,633;93,496;48,499;2,335;35,756;0,861;29,242;5698488,305;12;12
20241010105916_Y1_X10;24,354;187,320;0,242;794,608;0,8740;28,896;-0,167;2,209;92,402;94,918;341,195;0,000;1,536;6173,764;89,128;12,472;18,003;3,556;91,836;47,345;2,937;34,797;0,799;29,311;5698488,305;12;12
20241010105916_Y1_X11;23,818;170,582;0,235;746,924;0,7834;28,078;-0,088;2,190;89,071;81,512;331,839;0,000;1,447;6008,607;81,938;16,849;18,304;4,763;90,736;47,648;2,530;33,772;0,951;28,848;5698488,305;12;12
20241010105916_Y1_X12;25,338;174,438;0,247;640,399;0,5900;29,791;-0,124;2,107;86,789;87,649;348,733;0,000;1,241;5338,307;90,003;11,620;18,871;4,178;91,853;48,556;2,720;36,800;0,806;30,691;5698488,305;12;12
20241010105916_Y2_X1;8,336;103,248;0,489;669,436;0,6060;10,440;-0,056;3,041;49,018;54,230;245,838;0,000;1,253;6052,227;26,890;9,344;10,095;9,792;89,986;20,033;1,178;12,658;0,470;9,503;5698488,305;12;12
20241010105916_Y2_X2;14,247;141,646;0,453;686,770;0,6664;17,228;-0,050;2,568;69,697;71,949;470,960;0,000;1,319;6039,739;50,824;11,577;13,271;6,692;92,843;31,529;1,782;21,229;0,637;16,368;5698488,305;12;12
20241010105916_Y2_X3;17,687;153,074;0,396;644,213;0,5916;21,375;-0,004;2,409;77,697;75,377;448,728;0,000;1,238;5644,524;61,781;14,330;14,294;7,945;92,236;39,887;2,151;27,000;0,770;20,500;5698488,305;12;12
20241010105916_Y2_X4;17,837;164,625;0,299;663,701;0,6296;21,984;-0,208;2,605;81,162;83,464;414,525;0,000;1,280;5722,617;58,081;13,984;19,955;8,398;87,832;38,014;2,625;26,463;0,745;21,068;5698488,305;12;12
20241010105916_Y2_X5;19,213;167,601;0,295;724,256;0,7414;23,363;-0,263;2,555;82,590;85,011;412,758;0,000;1,399;6076,675;66,692;12,109;20,233;5,479;89,817;38,658;2,650;27,495;0,731;22,946;5698488,305;12;12
20241010105916_Y2_X6;20,793;153,739;0,267;659,319;0,6304;24,415;-0,092;2,099;77,315;76,424;377,352;0,000;1,283;5579,798;71,295;11,913;14,773;4,888;90,769;40,313;2,013;30,202;0,732;25,811;5698488,305;12;12
20241010105916_Y2_X7;22,167;178,906;0,252;722,466;0,7360;26,705;-0,085;2,403;92,036;86,870;354,454;0,000;1,401;5814,781;76,951;15,717;21,473;7,637;92,344;47,879;2,815;33,215;0,863;25,460;5698488,305;12;12
20241010105916_Y2_X8;22,645;192,070;0,266;745,582;0,7863;27,158;-0,168;2,284;107,329;84,741;372,576;0,000;1,449;6055,041;80,279;13,323;19,871;4,756;90,932;44,819;2,713;32,894;0,797;27,756;5698488,305;12;12
20241010105916_Y2_X9;23,090;199,535;0,262;735,935;0,7635;27,128;-0,086;2,120;110,687;88,848;368,976;0,000;1,428;5906,418;86,536;11,227;16,805;3,094;95,157;44,418;2,145;34,032;0,712;28,808;5698488,305;12;12
20241010105916_Y2_X10;23,978;181,072;0,265;787,302;0,8658;28,189;-0,119;2,122;94,331;86,740;374,360;0,000;1,529;6178,513;86,289;12,110;16,853;3,686;92,078;46,225;2,653;34,529;0,773;28,902;5698488,305;12;12
20241010105916_Y2_X11;24,529;219,994;0,231;702,792;0,7219;29,611;-0,146;2,447;122,259;97,735;324,963;0,000;1,386;5673,721;85,904;16,696;22,006;5,570;90,880;49,123;3,117;35,879;0,925;29,362;5698488,305;12;12
20241010105916_Y2_X12;25,407;203,923;0,251;718,761;0,7418;29,950;-0,094;2,120;92,509;111,415;353,687;0,000;1,406;5883,025;96,853;12,458;18,644;3,129;95,168;50,054;2,536;37,298;0,808;31,222;5698488,305;12;12
20241010105916_Y3_X1;9,634;124,303;0,332;690,106;0,6566;11,853;-0,124;2,703;60,541;63,762;349,131;90,000;1,310;6168,135;32,237;8,795;10,485;7,767;89,746;21,350;1,322;14,248;0,468;11,291;5698488,305;12;12
20241010105916_Y3_X2;15,023;152,390;0,419;697,418;0,6762;18,243;-0,025;2,441;89,672;62,719;448,126;90,000;1,332;5946,695;51,717;11,671;13,213;8,727;91,805;33,562;1,866;23,338;0,618;17,568;5698488,305;12;12
20241010105916_Y3_X3;18,756;173,081;0,514;741,090;0,7773;22,612;-0,088;2,405;75,364;97,718;548,407;90,000;1,436;6214,921;64,909;13,478;17,660;7,432;91,961;40,627;2,427;28,061;0,726;21,592;5698488,305;12;12
20241010105916_Y3_X4;18,046;239,495;0,490;713,078;0,7389;22,020;-0,089;2,688;154,185;85,310;509,011;0,000;1,401;6022,326;63,354;16,520;18,551;5,968;91,623;38,402;2,414;26,216;0,825;20,841;5698488,305;12;12
20241010105916_Y3_X5;17,091;162,918;0,298;689,510;0,6859;21,055;-0,032;2,656;82,673;80,246;413,183;0,000;1,341;5693,244;55,229;16,637;18,796;10,829;90,605;40,399;2,372;26,405;0,809;19,139;5698488,305;12;12
20241010105916_Y3_X6;19,238;180,007;0,288;691,735;0,6906;23,201;-0,035;2,355;91,928;88,079;402,125;0,000;1,351;5690,958;67,043;13,305;16,283;8,078;92,489;41,850;2,341;29,637;0,714;22,453;5698488,305;12;12
20241010105916_Y3_X7;20,188;165,387;0,302;784,208;0,8539;24,259;-0,137;2,351;90,688;74,698;421,404;0,000;1,517;6215,449;66,810;15,983;18,270;6,100;87,637;41,211;2,541;28,665;0,879;24,409;5698488,305;12;12
20241010105916_Y3_X8;21,334;235,327;0,276;777,761;0,8392;25,354;-0,074;2,220;156,816;78,511;385,786;0,000;1,503;6220,198;80,897;11,067;14,665;4,459;94,024;43,697;2,452;31,965;0,757;25,286;5698488,305;12;12
20241010105916_Y3_X9;22,193;176,020;0,252;744,012;0,7826;26,613;-0,125;2,295;87,896;88,124;353,450;0,000;1,449;6055,393;79,127;13,245;18,063;5,558;91,729;45,371;2,655;32,988;0,793;26,836;5698488,305;12;12
20241010105916_Y3_X10;23,488;184,826;0,251;751,312;0,7940;28,260;-0,158;2,368;100,439;84,387;351,305;0,000;1,456;5964,460;82,497;14,652;22,267;5,821;91,065;47,654;3,023;34,490;0,877;27,911;5698488,305;12;12
20241010105916_Y3_X12;24,288;548,433;0,252;729,415;0,8474;28,966;0,130;5,115;449,609;98,823;354,738;0,000;1,515;5804,404;88,325;14,100;17,256;4,093;92,929;47,402;2,544;35,792;0,817;29,936;5698488,305;12;12
20241010105916_Y4_X1;11,308;124,964;0,322;706,971;0,6756;14,414;-0,401;3,440;59,439;65,525;337,423;90,000;1,332;6033,407;34,949;11,050;18,137;9,219;87,824;24,948;1,951;16,337;0,561;12,718;5698488,305;12;12
20241010105916_Y4_X2;16,071;159,423;0,385;688,388;0,6593;19,226;-0,124;2,311;73,021;86,402;416,923;90,000;1,315;5919,081;52,959;11,835;13,877;6,199;88,298;32,029;1,763;23,265;0,659;20,014;5698488,305;12;12
20241010105916_Y4_X3;18,480;171,358;0,432;701,644;0,7002;22,390;-0,290;2,547;82,289;89,070;470,128;90,000;1,360;5999,461;59,269;13,003;20,203;6,106;86,252;36,108;2,477;25,795;0,744;22,624;5698488,305;12;12
20241010105916_Y4_X4;18,175;158,715;0,436;730,008;0,7546;21,938;-0,307;2,457;84,844;73,871;466,146;90,000;1,414;5985,918;59,819;11,183;20,045;5,132;86,910;34,376;2,620;25,002;0,667;21,685;5698488,305;12;12
20241010105916_Y4_X5;18,173;143,413;0,574;496,937;0,3535;21,856;0,072;2,355;79,238;64,175;529,126;0,000;0,940;4227,061;65,642;15,222;11,742;7,102;93,622;40,807;1,935;28,081;0,844;21,712;5698488,305;12;12
20241010105916_Y4_X6;16,881;178,272;0,297;695,799;0,6983;20,290;-0,115;2,465;76,035;102,237;413,017;0,000;1,357;5889,532;60,999;12,251;14,911;5,439;92,629;35,845;2,092;24,632;0,684;19,695;5698488,305;12;12
20241010105916_Y4_X7;19,271;161,564;0,308;742,140;0,7736;23,490;-0,238;2,511;82,673;78,891;428,494;0,000;1,434;6186,779;63,994;12,772;21,729;6,934;88,827;38,806;2,692;28,220;0,710;22,950;5698488,305;12;12
20241010105916_Y4_X8;20,523;166,792;0,284;704,370;0,6831;24,707;-0,083;2,403;83,484;83,308;395,320;0,000;1,342;5745,130;70,952;15,990;17,857;6,644;91,044;44,047;2,428;30,278;0,910;24,571;5698488,305;12;12
20241010105916_Y4_X10;21,139;170,609;0,275;729,573;0,7411;25,301;-0,204;2,432;82,298;88,311;385,693;0,000;1,403;5878,100;76,240;12,048;21,277;4,649;92,223;42,640;2,693;30,544;0,755;24,728;5698488,305;12;12
20241010105916_Y4_X11;22,160;180,523;0,259;729,440;0,7639;26,170;-0,084;2,192;100,119;80,404;363,607;0,000;1,427;5954,610;79,204;14,449;15,343;4,119;91,893;43,748;2,344;31,759;0,822;27,168;5698488,305;12;12
20241010105916_Y4_X12;22,275;186,435;0,251;702,051;0,6956;26,630;-0,238;2,287;89,710;96,725;351,607;0,000;1,355;5928,403;80,623;11,579;18,959;3,290;91,155;42,118;2,721;31,518;0,710;27,574;5698488,305;12;12
20241010105916_Y5_X1;11,580;129,301;0,333;711,851;0,6814;13,926;-0,082;2,449;68,621;60,680;360,727;90,000;1,336;6227,233;42,562;8,162;10,361;5,580;93,401;24,852;1,400;17,216;0,481;13,553;5698488,305;12;12
20241010105916_Y5_X2;17,365;207,022;0,367;643,005;0,5837;20,447;-0,018;2,158;141,529;65,493;406,406;90,000;1,232;5699,400;63,109;10,771;11,389;5,000;93,964;35,861;1,698;25,694;0,671;21,022;5698488,305;12;12
20241010105916_Y5_X3;18,272;155,919;0,374;738,116;0,7750;21,945;-0,120;2,355;78,169;77,750;413,515;90,000;1,434;6131,199;63,660;13,628;15,391;5,496;90,331;37,543;2,244;26,364;0,760;21,915;5698488,305;12;12
20241010105916_Y5_X4;18,452;151,663;0,379;745,347;0,7816;22,425;-0,122;2,425;79,057;72,606;412,351;90,000;1,442;6069,639;63,802;14,234;16,929;6,802;90,012;39,870;2,507;27,084;0,800;21,635;5698488,305;12;12
20241010105916_Y5_X5;18,039;170,418;0,444;742,473;0,7853;21,759;-0,266;2,451;95,072;75,346;478,173;90,000;1,449;5929,810;60,043;11,319;18,910;5,401;88,045;34,667;2,367;25,444;0,669;21,999;5698488,305;12;12
20241010105916_Y5_X6;16,937;160,535;0,503;708,454;0,7163;20,807;-0,091;2,598;81,909;78,626;521,817;0,000;1,374;5898,151;55,578;14,227;17,395;9,620;90,156;37,670;2,159;26,147;0,721;20,209;5698488,305;12;12
20241010105916_Y5_X7;18,802;166,592;0,358;714,926;0,7253;22,970;-0,327;2,630;85,026;81,566;493,872;0,000;1,383;6010,894;65,981;11,154;23,732;4,849;90,484;37,224;2,826;26,683;0,662;21,841;5698488,305;12;12
20241010105916_Y5_X8;18,026;159,538;0,333;640,384;0,5620;21,931;-0,147;2,544;70,661;88,877;460,311;0,000;1,209;5284,310;62,702;13,334;18,664;6,915;91,419;38,823;2,421;26,782;0,733;20,985;5698488,305;12;12
20241010105916_Y5_X9;18,785;154,867;0,312;753,064;0,7764;22,613;-0,177;2,414;73,652;81,215;434,836;0,000;1,441;6200,498;67,862;12,214;18,050;4,829;91,838;38,456;2,473;26,984;0,730;22,003;5698488,305;12;12
20241010105916_Y6_X1;12,134;118,061;0,307;690,808;0,6626;14,817;0,031;2,575;60,731;57,329;334,736;90,000;1,317;5959,887;41,639;11,372;11,198;8,601;92,210;28,153;1,473;18,703;0,586;14,124;5698488,305;12;12
20241010105916_Y6_X2;18,073;279,545;0,371;656,582;0,6046;21,306;-0,062;2,211;212,372;67,173;414,657;90,000;1,252;5745,130;62,783;10,921;12,951;5,369;91,832;36,228;1,758;26,552;0,676;22,296;5698488,305;12;12
20241010105916_Y6_X3;19,012;167,302;0,361;697,559;0,6953;22,674;-0,168;2,298;94,646;72,655;400,228;90,000;1,353;5799,655;64,594;11,638;16,547;5,233;89,626;36,759;2,139;27,423;0,690;23,546;5698488,305;12;12
20241010105916_Y6_X4;20,789;174,603;0,356;694,356;0,6903;24,518;-0,219;2,253;84,978;89,625;390,378;90,000;1,348;5811,087;70,879;10,494;19,935;3,779;89,899;39,002;2,487;29,025;0,661;24,793;5698488,305;12;12
20241010105916_Y6_X5;18,382;168,405;0,373;705,002;0,7095;22,109;-0,150;2,350;89,217;79,188;408,671;90,000;1,366;5862,094;64,673;11,942;16,035;5,591;90,658;37,600;2,295;26,723;0,720;22,109;5698488,305;12;12
20241010105916_Y6_X6;17,572;146,679;0,428;723,931;0,7441;21,201;0,026;2,368;74,021;72,658;458,804;90,000;1,405;6036,045;62,410;14,212;13,593;7,853;92,797;40,367;2,066;27,081;0,792;20,460;5698488,305;12;12
20241010105916_Y6_X7;17,049;201,217;0,492;738,124;0,7601;20,911;-0,207;2,612;129,034;72,183;516,446;90,000;1,418;6083,710;57,630;12,480;18,894;7,542;89,761;36,495;2,434;25,297;0,689;19,949;5698488,305;12;12
20241010105916_Y6_X8;16,750;151,210;0,479;708,946;0,7002;20,609;-0,233;2,671;72,621;78,589;496,671;0,000;1,357;5901,493;56,084;12,279;20,676;7,854;89,981;35,572;2,446;24,889;0,665;19,441;5698488,305;12;12
20241010105916_Y6_X9;16,900;163,494;0,368;658,367;0,5997;20,629;-0,179;2,510;72,996;90,499;507,726;0,000;1,249;5612,864;56,723;12,070;18,317;7,737;89,556;35,565;2,335;25,212;0,671;19,908;5698488,305;12;12
20241010105916_Y7_X1;13,588;144,601;0,365;713,222;0,7145;16,542;-0,155;2,550;79,884;64,717;395,567;90,000;1,373;5982,752;45,823;10,876;14,021;6,855;89,565;28,723;1,807;19,840;0,595;16,138;5698488,305;12;12
20241010105916_Y7_X2;17,890;188,158;0,371;746,231;0,7964;21,387;0,099;2,307;113,712;74,446;410,413;90,000;1,456;6147,909;62,954;14,817;10,685;7,376;93,288;39,713;1,694;27,688;0,816;21,851;5698488,305;12;12
20241010105916_Y7_X3;21,182;157,384;0,393;524,208;0,4084;25,111;-0,115;2,132;68,542;88,842;437,632;90,000;1,014;4612,954;74,075;10,302;14,875;5,404;90,991;41,549;2,192;31,750;0,671;26,572;5698488,305;12;12
20241010105916_Y7_X4;20,293;165,144;0,380;641,541;0,5930;24,201;-0,175;2,188;80,250;84,894;421,564;90,000;1,239;5502,232;69,109;11,467;15,991;5,040;88,747;38,880;2,192;29,377;0,703;25,886;5698488,305;12;12
20241010105916_Y7_X5;20,212;183,251;0,361;754,230;0,8061;24,102;-0,172;2,236;87,748;95,503;398,564;90,000;1,470;6074,388;67,400;12,444;17,153;5,550;88,048;39,111;2,274;29,153;0,730;25,340;5698488,305;12;12
20241010105916_Y7_X6;19,517;148,035;0,353;669,924;0,6180;23,231;-0,269;2,286;73,450;74,586;386,009;90,000;1,270;5549,897;64,737;10,114;19,900;4,447;87,980;35,751;2,450;27,186;0,633;23,774;5698488,305;12;12
20241010105916_Y7_X7;17,730;153,495;0,377;671,504;0,6111;21,343;-0,099;2,352;75,631;77,864;407,663;90,000;1,261;5696,762;62,878;11,870;14,920;6,107;91,821;36,971;2,131;26,454;0,680;21,253;5698488,305;12;12
20241010105916_Y7_X8;16,555;150,748;0,471;578,055;0,4604;20,062;-0,131;2,445;72,946;77,802;499,089;90,000;1,082;4987,239;58,284;11,669;15,486;6,723;91,105;35,528;2,192;24,565;0,693;19,362;5698488,305;12;12
20241010105916_Y7_X9;15,570;195,120;0,477;414,760;0,2366;19,307;-0,198;2,825;106,123;88,997;494,897;0,000;0,755;3287,831;50,773;13,385;18,970;8,453;88,957;33,924;2,270;23,110;0,698;18,291;5698488,305;12;12
20241010105916_Y7_X10;15,468;129,420;0,341;451,024;0,2781;19,142;-0,395;2,765;52,787;76,633;469,845;0,000;0,824;3645,055;49,395;10,460;20,904;6,907;86,644;30,503;2,494;21,738;0,591;18,297;5698488,305;12;12
20241010105916_Y8_X1;14,804;149,470;0,387;714,911;0,7301;18,023;-0,001;2,572;81,626;67,843;410,374;90,000;1,386;6091,801;51,201;11,907;14,264;8,857;92,891;33,104;1,719;23,383;0,619;17,513;5698488,305;12;12
20241010105916_Y8_X2;17,931;155,643;0,419;746,265;0,7911;21,509;-0,017;2,344;71,770;83,873;457,348;90,000;1,449;6167,080;59,986;14,158;14,968;7,909;91,112;38,477;1,844;27,439;0,770;21,863;5698488,305;12;12
20241010105916_Y8_X3;20,684;255,752;0,368;699,317;0,6958;24,478;-0,121;2,167;168,405;87,347;405,132;90,000;1,353;5957,600;65,317;12,876;16,906;6,960;86,037;39,736;2,049;30,358;0,749;26,280;5698488,305;12;12
20241010105916_Y8_X4;22,073;166,143;0,384;674,003;0,6413;25,962;-0,164;2,124;78,741;87,403;425,819;90,000;1,297;5658,946;79,698;9,866;16,661;3,301;92,154;42,054;2,388;31,352;0,688;26,994;5698488,305;12;12
20241010105916_Y8_X5;21,783;185,609;0,345;631,624;0,5625;25,994;-0,243;2,276;100,477;85,131;378,795;90,000;1,205;5507,157;71,202;11,668;21,134;5,521;86,875;40,665;2,704;30,879;0,733;26,976;5698488,305;12;12
20241010105916_Y8_X6;20,601;145,803;0,366;631,609;0,5449;24,159;-0,106;2,059;65,175;80,628;405,146;90,000;1,185;5336,196;71,854;9,679;13,577;4,767;91,149;39,867;2,018;30,229;0,667;25,709;5698488,305;12;12
20241010105916_Y8_X7;18,580;267,750;0,385;649,701;0,5800;22,059;-0,150;2,178;71,179;196,572;424,840;90,000;1,229;5415,345;66,036;9,340;13,712;4,544;91,242;36,246;1,996;27,048;0,628;23,300;5698488,305;12;12
20241010105916_Y8_X8;17,316;161,647;0,416;656,727;0,5822;20,395;-0,173;2,228;72,123;89,524;458,351;90,000;1,231;5366,097;59,981;8,569;14,596;4,181;90,718;33,002;1,966;24,700;0,563;20,843;5698488,305;12;12
20241010105916_Y9_X1;14,972;144,459;0,450;724,865;0,7513;18,347;-0,069;2,589;80,641;63,818;478,497;90,000;1,410;6013,356;49,737;14,008;15,454;8,362;89,828;33,691;1,944;22,421;0,753;17,650;5698488,305;12;12
20241010105916_Y9_X2;19,299;155,242;0,429;692,364;0,6940;23,160;-0,094;2,439;72,474;82,768;464,136;90,000;1,353;6077,027;66,108;16,299;18,096;6,277;90,757;42,113;2,387;27,501;0,934;22,447;5698488,305;12;12
20241010105916_Y9_X3;22,610;219,030;0,415;642,369;0,5988;26,730;-0,154;2,248;129,007;90,023;458,985;90,000;1,247;5610,930;77,545;13,175;20,572;5,136;90,468;44,772;2,714;32,000;0,849;26,566;5698488,305;12;12
20241010105916_Y9_X4;23,870;174,738;0,404;673,782;0,6497;28,397;-0,235;2,261;82,084;92,654;446,641;90,000;1,303;5749,879;80,447;13,266;22,060;4,642;88,796;45,350;2,730;33,484;0,840;29,823;5698488,305;12;12
20241010105916_Y9_X5;23,180;279,056;0,377;786,858;0,8894;27,687;-0,182;2,309;181,260;97,795;413,986;90,000;1,550;6183,086;76,154;14,342;21,574;5,772;87,754;44,383;2,693;33,203;0,849;28,782;5698488,305;12;12
20241010105916_Y9_X7;19,948;169,090;0,361;763,304;0,7969;23,661;-0,145;2,219;84,472;84,618;400,167;90,000;1,457;6198,036;66,671;12,759;17,284;5,680;88,982;39,844;2,238;28,368;0,789;24,355;5698488,305;12;12
20241010105916_Y9_X8;18,216;249,395;0,354;663,773;0,6277;21,805;-0,274;2,429;166,090;83,305;390,094;90,000;1,280;5787,519;61,437;10,970;18,677;4,191;88,669;33,971;2,291;25,181;0,638;22,336;5698488,305;12;12
20241010105916_Y9_X9;15,899;214,342;0,349;604,477;0,5057;19,318;-0,077;3,378;143,680;70,662;380,185;90,000;1,138;5535,826;53,218;12,479;15,773;5,034;88,337;30,048;2,003;22,347;0,641;19,520;5698488,305;12;12
20241010105916_Y9_X10;14,780;126,218;0,397;545,692;0,3972;17,691;-0,235;2,362;60,997;65,220;430,343;90,000;0,997;5013,622;48,734;9,269;15,259;5,234;88,022;28,012;1,887;20,803;0,534;17,865;5698488,305;12;12
20241010105916_Y9_X11;14,265;175,657;0,451;566,595;0,4494;17,263;-0,235;2,742;98,182;77,475;486,606;90,000;1,068;5344,111;49,885;9,226;16,536;5,290;91,549;28,444;1,873;20,458;0,551;16,734;5698488,305;12;12
20241010105916_Y10_X1;16,890;149,421;0,431;697,764;0,6916;20,484;-0,199;2,456;69,935;79,486;465,431;0,000;1,347;6016,170;56,862;11,188;17,914;6,981;89,380;34,515;2,298;24,830;0,651;20,030;5698488,305;12;12
20241010105916_Y10_X2;18,920;207,288;0,444;722,585;0,7531;22,670;0,052;2,418;87,557;119,732;473,288;90,000;1,414;6142,104;61,659;19,771;14,865;7,389;89,659;42,792;1,882;27,509;1,061;22,862;5698488,305;12;12
20241010105916_Y10_X3;22,504;219,154;0,457;731,836;0,7688;26,910;-0,204;2,220;125,499;93,655;495,619;90,000;1,430;6088,987;74,157;12,970;20,554;5,776;87,288;43,299;2,641;32,355;0,790;28,258;5698488,305;12;12
20241010105916_Y10_X4;24,660;195,566;0,395;746,412;0,7935;29,483;-0,243;2,284;94,354;101,212;433,830;90,000;1,456;6020,040;79,567;14,056;23,940;5,890;86,587;46,551;2,892;35,181;0,853;31,059;5698488,305;12;12
20241010105916_Y10_X5;24,841;215,651;0,415;740,823;0,7770;29,723;-0,358;2,259;113,653;101,997;459,328;90,000;1,440;5932,097;74,215;13,402;28,072;5,256;81,146;42,541;2,957;33,692;0,804;32,876;5698488,305;12;12
20241010105916_Y10_X6;25,025;168,850;0,386;737,296;0,7615;29,623;-0,241;2,185;79,211;89,640;429,468;90,000;1,420;6090,394;79,760;13,304;24,051;5,245;85,641;45,968;2,933;34,728;0,855;31,203;5698488,305;12;12
20241010105916_Y10_X7;23,570;220,018;0,421;748,623;0,7855;27,564;-0,286;2,114;92,127;127,891;474,703;90,000;1,447;6211,227;68,179;11,040;25,215;5,495;80,736;39,798;2,599;31,827;0,730;29,884;5698488,305;12;12
20241010105916_Y10_X8;20,501;190,261;0,362;713,975;0,7178;24,413;-0,272;2,256;98,903;91,358;401,667;90,000;1,376;6054,689;70,018;9,272;19,666;3,663;88,860;36,891;2,483;28,731;0,610;25,514;5698488,305;12;12
20241010105916_Y10_X11;14,075;137,108;0,388;600,549;0,5148;17,143;-0,325;2,787;61,077;76,032;425,789;90,000;1,147;5597,386;48,818;8,963;17,094;5,287;90,540;28,123;1,998;19,914;0,544;16,466;5698488,305;12;12
20241010105916_Y11_X1;19,320;203,955;0,460;715,375;0,7384;23,598;-0,114;2,491;112,073;91,882;477,151;0,000;1,400;6029,186;62,257;16,366;19,313;8,614;87,863;41,755;2,442;29,077;0,862;23,554;5698488,305;12;12
20241010105916_Y11_X2;20,108;186,403;0,422;704,676;0,7104;24,769;-0,012;2,591;85,049;101,354;448,926;90,000;1,367;5971,143;64,686;21,207;20,221;9,613;89,131;47,304;2,515;30,890;1,075;23,931;5698488,305;12;12
20241010105916_Y11_X3;25,021;219,646;0,461;742,308;0,7707;30,415;-0,080;2,415;87,621;132,025;493,387;90,000;1,429;6045,719;81,197;21,627;23,696;8,675;88,237;55,072;3,038;37,776;1,184;30,340;5698488,305;12;12
20241010105916_Y11_X4;26,615;261,140;0,449;761,646;0,8193;32,371;-0,072;2,643;150,568;110,573;480,070;90,000;1,482;6084,414;88,253;23,651;30,437;8,070;90,580;58,812;3,362;39,409;1,330;30,993;5698488,305;12;12
20241010105916_Y11_X5;26,858;245,673;0,438;733,437;0,7720;31,642;-0,144;2,199;113,433;132,239;474,199;90,000;1,438;5867,371;84,460;17,404;24,778;6,239;86,601;51,143;2,928;38,061;1,029;32,670;5698488,305;12;12
20241010105916_Y11_X6;26,253;234,519;0,410;715,449;0,7107;31,687;-0,179;2,310;124,802;109,716;448,756;90,000;1,371;5773,096;88,048;16,529;23,803;6,290;88,944;52,535;3,050;38,733;0,921;33,175;5698488,305;12;12
20241010105916_Y11_X7;24,620;183,328;0,405;702,856;0,6929;29,049;-0,163;2,141;70,672;112,656;450,701;90,000;1,348;5972,726;81,491;11,130;19,644;6,036;88,334;46,180;2,605;36,384;0,741;30,810;5698488,305;12;12
20241010105916_Y11_X8;21,372;257,077;0,370;693,418;0,6799;25,450;-0,297;2,253;73,493;183,584;408,708;90,000;1,337;6032,000;66,850;10,686;22,894;5,578;84,722;38,414;2,714;29,426;0,716;26,515;5698488,305;12;12
20241010133729_Y1_X6;19,895;194,212;0,419;692,503;0,6919;23,503;-0,133;2,253;109,444;84,768;460,998;90,000;1,351;5915,564;67,358;12,898;17,416;4,960;89,995;38,973;2,251;28,158;0,759;23,793;5698488,305;12;12
20241010133729_Y1_X7;21,445;154,831;0,423;719,349;0,7331;25,270;-0,060;2,084;84,780;70,051;467,963;90,000;1,390;6158,462;76,256;12,031;13,456;4,906;92,330;42,887;2,090;31,597;0,766;26,526;5698488,305;12;12
20241010133729_Y1_X8;23,076;221,030;0,435;223,428;0,06783;26,849;-0,172;2,043;140,981;80,049;482,205;90,000;0,387;705,653;73,040;11,006;18,502;4,641;85,433;41,222;2,234;32,612;0,695;29,058;5698488,305;12;12
20241010133729_Y1_X9;25,139;242,783;0,432;611,900;0,5387;29,497;-0,145;2,070;98,185;144,599;478,789;90,000;1,179;5684,626;83,543;12,085;19,463;5,349;88,645;47,452;2,474;36,141;0,845;31,679;5698488,305;12;12
20241010133729_Y1_X10;27,377;216,674;0,429;634,606;0,5816;32,402;-0,245;2,269;112,167;104,507;473,972;90,000;1,227;5941,946;85,168;15,666;28,981;5,966;85,871;51,339;3,270;37,778;1,011;33,284;5698488,305;12;12
20241010133729_Y1_X11;28,728;196,406;0,437;694,740;0,6987;33,698;-0,111;2,066;93,836;102,570;485,701;90,000;1,355;6398,722;95,452;15,895;20,103;5,509;88,308;55,601;2,772;41,192;1,050;36,196;5698488,305;12;12
20241010133729_Y2_X6;19,479;192,017;0,388;720,093;0,7265;22,964;-0,120;2,167;98,103;93,915;430,109;90,000;1,384;6030,417;68,373;11,024;14,925;4,482;91,445;38,112;2,064;28,054;0,689;23,784;5698488,305;12;12
20241010133729_Y2_X7;20,606;158,609;0,407;705,318;0,7079;24,350;-0,211;2,124;72,563;86,046;453,823;90,000;1,363;6155,999;67,135;10,345;17,320;4,952;86,467;37,715;2,171;29,153;0,674;26,337;5698488,305;12;12
20241010133729_Y2_X8;22,565;163,535;0,409;690,025;0,6802;26,349;-0,166;2,051;66,698;96,837;455,584;90,000;1,335;6172,708;74,268;11,343;18,053;4,062;87,680;40,842;2,320;31,775;0,698;28,001;5698488,305;12;12
20241010133729_Y2_X9;24,467;165,274;0,403;685,587;0,6849;28,644;-0,159;2,057;82,953;82,321;449,538;90,000;1,341;6109,390;79,955;12,931;18,709;4,723;87,006;45,227;2,459;34,436;0,822;30,739;5698488,305;12;12
20241010133729_Y2_X10;26,004;169,486;0,414;675,772;0,6549;30,441;-0,133;2,017;80,396;89,089;462,792;90,000;1,308;6103,937;88,054;12,301;17,772;4,442;88,973;48,653;2,525;37,441;0,817;32,779;5698488,305;12;12
20241010133729_Y2_X11;28,330;241,450;0,415;684,269;0,6866;32,958;-0,113;1,975;154,129;87,321;463,201;90,000;1,345;6258,189;96,385;12,295;18,969;4,120;89,977;52,270;2,614;40,929;0,847;35,635;5698488,305;12;12
20241010133729_Y3_X7;20,126;169,216;0,389;697,511;0,6965;23,702;-0,225;2,150;84,036;85,180;436,139;90,000;1,357;5968,505;65,603;9,804;17,741;4,336;86,635;36,235;2,220;28,155;0,625;25,270;5698488,305;12;12
20241010133729_Y3_X8;21,171;305,612;0,389;188,094;0,1138;25,007;0,034;3,482;237,320;68,292;433,786;90,000;0,536;476,826;70,949;13,125;16,105;3,998;88,593;38,319;2,161;30,059;0,703;26,412;5698488,305;12;12
20241010133729_Y3_X9;24,040;147,164;0,397;611,404;0,5479;27,981;-0,195;1,995;66,897;80,268;444,305;90,000;1,187;5562,561;76,740;9,515;19,359;4,263;85,349;42,592;2,403;33,481;0,707;30,336;5698488,305;12;12
20241010133729_Y3_X10;25,586;185,097;0,395;714,116;0,7344;29,940;-0,174;2,050;89,101;95,996;441,075;90,000;1,392;6353,343;86,392;12,163;19,099;3,624;89,099;46,058;2,455;36,247;0,767;32,538;5698488,305;12;12
20241010133729_Y3_X11;27,760;172,828;0,405;643,349;0,6143;32,328;-0,169;1,965;85,686;87,143;455,072;90,000;1,265;6124,164;92,831;10,280;19,390;3,853;88,150;49,818;2,569;39,495;0,789;35,605;5698488,305;12;12
20241010133729_Y4_X4;14,280;170,434;0,420;698,682;0,6870;17,284;-0,313;2,571;97,448;72,986;460,232;90,000;1,346;5975,365;49,120;7,991;16,085;4,780;89,740;27,296;1,948;20,176;0,493;17,176;5698488,305;12;12
20241010133729_Y4_X5;16,027;222,285;0,412;702,571;0,7119;18,923;-0,211;2,314;145,326;76,960;454,647;90,000;1,374;6099,012;51,325;9,751;15,360;4,895;86,906;29,636;1,823;22,182;0,570;19,579;5698488,305;12;12
20241010133729_Y4_X6;17,951;168,766;0,393;709,436;0,7217;21,147;-0,274;2,201;80,956;87,810;439,896;90,000;1,380;6160,572;58,100;8,879;17,129;3,522;86,210;31,604;2,085;24,439;0,536;22,315;5698488,305;12;12
20241010133729_Y4_X7;19,447;161,130;0,391;658,234;0,6206;22,822;-0,238;2,159;78,633;82,496;437,601;90,000;1,271;5875,110;61,391;9,700;18,214;4,560;85,553;34,547;2,143;26,770;0,619;24,145;5698488,305;12;12
20241010133729_Y4_X8;21,638;274,689;0,389;725,927;0,7733;25,322;-0,186;2,228;193,197;81,492;437,237;90,000;1,439;6252,385;70,751;10,541;17,023;3,445;86,469;37,675;2,131;30,000;0,635;27,743;5698488,305;12;12
20241010133729_Y4_X9;22,820;173,325;0,380;702,234;0,7133;26,734;-0,163;2,020;76,981;96,344;424,453;90,000;1,373;6188,538;79,323;8,028;15,177;3,748;90,136;41,464;2,212;33,417;0,608;29,232;5698488,305;12;12
20241010133729_Y4_X10;25,035;169,501;0,389;704,077;0,7203;29,368;-0,224;2,037;71,438;98,062;436,704;90,000;1,376;6368,997;85,809;7,842;17,543;3,128;88,570;44,271;2,387;35,545;0,661;32,795;5698488,305;12;12
20241010133729_Y4_X11;26,690;218,651;0,392;703,621;0,7172;31,136;-0,156;1,956;132,623;86,027;440,090;90,000;1,376;6317,990;93,744;8,483;16,459;2,790;90,173;47,687;2,661;38,365;0,684;33,615;5698488,305;12;12
20241010133729_Y5_X1;13,012;167,291;0,295;686,420;0,6668;16,311;-0,272;3,022;92,011;75,280;407,343;0,000;1,323;5891,995;41,039;12,486;18,069;8,788;87,725;28,835;2,069;18,917;0,654;14,963;5698488,305;12;12
20241010133729_Y5_X4;14,702;139,896;0,441;674,757;0,6448;18,031;-0,361;2,712;61,646;78,251;475,255;90,000;1,297;5850,134;50,203;8,661;18,782;5,644;89,424;29,056;2,284;20,880;0,521;17,079;5698488,305;12;12
20241010133729_Y5_X5;15,884;155,746;0,437;712,900;0,7331;19,331;-0,370;2,650;63,699;92,047;476,618;90,000;1,391;6229,871;51,929;9,949;19,973;5,335;87,681;30,015;2,312;21,912;0,585;19,016;5698488,305;12;12
20241010133729_Y5_X6;17,184;219,653;0,419;715,370;0,7315;20,677;-0,308;2,416;105,855;113,798;463,190;90,000;1,391;6251,153;56,166;10,221;19,025;4,776;87,057;31,616;2,306;23,845;0,583;21,021;5698488,305;12;12
20241010133729_Y5_X7;18,591;168,718;0,411;446,168;0,2863;22,165;-0,294;2,353;85,310;83,408;455,082;90,000;0,839;4017,757;63,124;8,794;19,087;3,911;89,273;34,011;2,267;25,934;0,576;22,938;5698488,305;12;12
20241010133729_Y5_X8;20,641;270,223;0,400;547,663;0,4459;24,187;-0,224;2,170;86,233;183,990;446,467;90,000;1,065;5147,998;68,189;8,921;18,953;3,648;88,661;36,257;2,214;28,958;0,589;25,400;5698488,305;12;12
20241010133729_Y5_X9;22,783;185,595;0,397;666,989;0,6428;26,796;-0,178;2,050;102,495;83,099;444,078;90,000;1,297;5989,436;81,514;8,781;15,365;3,057;90,577;42,472;2,520;32,207;0,660;28,274;5698488,305;12;12
20241010133729_Y5_X10;24,500;157,421;0,396;692,027;0,6845;28,646;-0,251;2,040;66,615;90,806;445,293;90,000;1,340;6206,830;80,512;7,781;20,502;2,856;86,508;41,686;2,540;34,259;0,593;31,325;5698488,305;12;12
20241010133729_Y5_X11;26,213;193,519;0,396;703,972;0,7188;30,557;-0,185;1,960;96,307;97,212;445,346;90,000;1,376;6346,835;90,133;8,690;17,174;2,677;88,835;46,165;2,514;36,888;0,673;33,668;5698488,305;12;12
20241010133729_Y6_X2;13,528;165,008;0,309;629,720;0,5711;17,012;-0,380;3,094;80,754;84,254;426,658;0,000;1,216;5478,663;41,965;11,807;20,159;8,271;86,705;28,209;2,288;19,145;0,621;15,617;5698488,305;12;12
20241010133729_Y6_X3;13,985;181,680;0,408;671,140;0,6527;17,289;-0,330;2,801;94,629;87,051;446,617;180,000;1,311;5770,810;45,731;11,194;18,796;6,456;88,069;28,500;2,187;19,544;0,610;16,333;5698488,305;12;12
20241010133729_Y6_X5;15,968;280,981;0,492;688,011;0,6751;19,471;-0,234;2,593;75,206;205,775;525,002;90,000;1,332;6056,800;54,551;10,705;18,324;6,718;90,129;32,977;2,233;23,330;0,629;18,743;5698488,305;12;12
20241010133729_Y6_X6;17,367;196,933;0,461;705,509;0,7168;21,010;-0,349;2,645;107,197;89,736;497,525;90,000;1,376;6073,685;55,491;11,025;21,378;5,342;87,000;32,301;2,402;23,807;0,639;20,897;5698488,305;12;12
20241010133729_Y6_X7;18,391;172,072;0,434;360,007;0,1799;22,068;-0,277;2,361;76,333;95,740;474,824;90,000;0,655;2840,730;64,046;8,488;18,768;4,502;90,093;35,078;2,333;25,995;0,606;22,541;5698488,305;12;12
20241010133729_Y6_X8;20,175;322,934;0,406;693,550;0,7127;24,122;-0,258;2,391;109,568;213,366;448,751;90,000;1,373;6144,743;71,022;10,363;20,474;3,964;91,106;38,319;2,470;28,607;0,662;24,615;5698488,305;12;12
20241010133729_Y6_X9;22,091;159,487;0,414;720,500;0,7370;26,233;-0,252;2,179;64,816;94,671;460,715;90,000;1,395;6219,670;73,266;9,143;20,353;4,781;87,379;40,158;2,606;31,501;0,646;27,729;5698488,305;12;12
20241010133729_Y6_X10;24,287;187,443;0,404;703,098;0,7142;28,513;-0,217;2,116;87,032;100,411;450,104;90,000;1,374;6201,202;82,483;10,182;20,432;3,450;89,034;43,618;2,693;34,156;0,696;29,975;5698488,305;12;12
20241010133729_Y6_X11;26,155;172,041;0,404;683,428;0,6723;30,648;-0,205;2,059;73,765;98,276;452,540;90,000;1,326;6072,981;90,417;9,857;20,680;2,947;89,631;46,854;2,850;36,817;0,701;32,341;5698488,305;12;12
20241010133729_Y7_X1;15,558;139,286;0,244;270,629;0,1001;18,993;-0,378;2,639;56,111;83,176;341,239;180,000;0,478;1243,864;48,479;9,648;19,232;6,648;85,398;29,059;2,208;21,863;0,549;19,203;5698488,305;12;12
20241010133729_Y7_X2;15,252;159,305;0,255;425,357;0,2578;18,984;-0,315;2,846;83,620;75,685;354,376;0,000;0,793;3504,522;49,450;11,577;21,254;8,471;88,910;32,341;2,396;22,415;0,619;17,672;5698488,305;12;12
20241010133729_Y7_X3;15,036;215,304;0,296;695,102;0,7009;18,597;-0,270;2,764;131,359;83,945;409,277;0,000;1,361;5922,951;48,715;11,559;19,084;8,064;88,269;31,267;2,277;22,032;0,617;17,622;5698488,305;12;12
20241010133729_Y7_X4;15,770;172,225;0,331;687,387;0,6794;19,461;-0,250;2,731;82,111;90,114;455,866;0,000;1,335;5949,158;51,353;12,479;19,353;8,209;88,542;33,565;2,311;23,192;0,682;18,544;5698488,305;12;12
20241010133729_Y7_X5;16,352;288,515;0,484;675,430;0,7411;20,106;-0,121;3,677;211,508;77,006;504,586;0,000;1,408;5895,337;54,987;12,639;18,886;6,397;89,276;33,206;2,321;23,463;0,696;19,243;5698488,305;12;12
20241010133729_Y7_X6;17,584;202,211;0,488;686,576;0,6885;21,670;-0,346;2,879;107,027;95,183;520,843;90,000;1,349;6083,886;59,975;11,695;24,236;5,580;90,027;34,663;2,718;25,095;0,641;20,338;5698488,305;12;12
20241010133729_Y7_X7;18,511;187,338;0,470;699,319;0,7069;22,554;-0,256;2,659;91,500;95,838;500,267;90,000;1,364;6248,339;63,436;13,117;22,136;5,891;90,471;37,733;2,522;26,546;0,757;21,867;5698488,305;12;12
20241010133729_Y7_X8;20,325;167,990;0,447;734,259;0,7701;24,582;-0,286;2,403;78,457;89,533;482,603;90,000;1,429;6360,554;67,403;10,329;22,627;5,863;88,242;38,227;2,737;29,377;0,636;24,816;5698488,305;12;12
20241010133729_Y7_X9;21,649;187,600;0,443;683,181;0,6790;25,652;-0,178;2,226;102,946;84,654;491,400;90,000;1,338;6136,476;76,863;11,688;18,660;4,004;91,731;42,082;2,382;30,882;0,736;26,693;5698488,305;12;12
20241010133729_Y7_X10;24,155;238,490;0,414;699,938;0,7026;28,891;-0,309;2,446;114,071;124,418;457,789;90,000;1,362;6184,669;83,137;11,237;24,828;3,394;89,820;43,161;2,955;34,287;0,675;29,852;5698488,305;12;12
20241010133729_Y7_X11;26,091;203,452;0,431;644,910;0,5991;31,020;-0,177;2,150;103,596;99,856;478,588;90,000;1,249;5685,681;90,640;10,630;20,248;4,799;90,376;48,832;2,813;38,581;0,735;33,038;5698488,305;12;12
20241010133729_Y8_X1;17,065;138,596;0,228;284,798;0,1022;20,598;-0,266;2,407;71,474;67,122;321,539;0,000;0,484;1193,912;58,903;8,206;17,088;5,315;89,570;32,695;2,217;24,608;0,558;21,004;5698488,305;12;12
20241010133729_Y8_X2;17,000;189,069;0,245;671,639;0,6422;20,938;-0,283;2,662;91,428;97,642;343,027;0,000;1,296;5641,534;55,027;11,844;20,872;7,959;87,523;34,682;2,579;24,860;0,664;20,096;5698488,305;12;12
20241010133729_Y8_X3;17,084;362,152;0,274;712,988;0,7331;21,097;-0,167;3,263;190,918;171,234;381,807;0,000;1,397;5986,270;56,787;13,388;20,602;6,920;88,963;34,972;2,521;24,670;0,718;19,985;5698488,305;12;12
20241010133729_Y8_X4;17,141;157,921;0,320;708,747;0,7208;21,031;-0,286;2,689;68,601;89,320;443,185;0,000;1,378;6135,421;56,923;12,283;21,349;6,986;88,872;35,282;2,582;24,772;0,691;19,928;5698488,305;12;12
20241010133729_Y8_X5;17,320;264,282;0,336;515,767;0,4047;21,480;-0,302;2,919;108,077;156,205;463,524;0,000;1,013;4689,992;56,829;14,185;23,188;6,810;88,269;35,670;2,732;24,432;0,776;20,132;5698488,305;12;12
20241010133729_Y8_X6;18,893;186,226;0,496;582,096;0,5036;23,260;-0,242;2,654;88,969;97,257;516,633;0,000;1,137;5342,528;62,593;14,689;23,875;7,714;89,077;40,321;2,860;27,600;0,824;21,844;5698488,305;12;12
20241010133729_Y8_X7;19,252;175,158;0,485;646,275;0,6083;23,356;-0,278;2,532;88,598;86,560;510,245;90,000;1,260;5754,100;68,580;9,857;21,752;5,162;90,979;38,248;2,788;27,763;0,658;22,266;5698488,305;12;12
20241010133729_Y8_X8;20,553;179,937;0,488;725,266;0,7434;25,223;-0,295;2,566;83,914;96,023;523,037;90,000;1,404;6281,406;66,095;13,395;25,525;7,506;87,744;41,123;2,959;29,946;0,731;24,817;5698488,305;12;12
20241010133729_Y8_X9;22,096;157,695;0,455;694,427;0,6952;26,755;-0,251;2,405;69,289;88,406;494,084;90,000;1,353;6175,699;75,522;12,028;22,759;5,881;89,469;43,732;2,857;31,973;0,784;27,114;5698488,305;12;12
20241010133729_Y8_X10;24,902;222,260;0,454;712,053;0,7222;29,993;-0,213;2,349;101,618;120,643;497,173;90,000;1,382;6116,601;86,228;14,346;24,175;5,278;89,877;48,909;3,245;36,204;0,842;30,106;5698488,305;12;12
20241010133729_Y8_X11;26,094;185,366;0,439;661,059;0,6281;31,055;-0,247;2,261;73,059;112,307;483,016;90,000;1,280;5856,642;95,262;10,186;22,913;3,213;91,599;49,474;3,315;36,495;0,812;31,392;5698488,305;12;12
20241010133729_Y9_X1;19,790;309,711;0,212;336,811;0,1993;23,774;-0,133;2,707;227,894;81,818;297,427;0,000;0,717;1928,059;70,654;11,632;16,755;4,629;90,801;39,239;2,470;28,551;0,708;23,963;5698488,305;12;12
20241010133729_Y9_X2;19,251;676,294;0,222;814,622;1,451;23,725;0,242;8,447;593,323;82,972;312,029;0,000;2,099;6025,316;65,114;18,240;19,794;5,185;89,217;37,839;2,487;27,143;0,867;23,302;5698488,305;12;12
20241010133729_Y9_X3;19,353;195,498;0,248;691,615;0,6837;23,478;-0,257;2,634;99,173;96,325;347,699;0,000;1,338;5926,117;63,837;15,258;22,849;5,684;88,497;38,855;2,716;26,712;0,845;22,690;5698488,305;12;12
20241010133729_Y9_X4;18,326;166,414;0,261;726,680;0,7549;22,486;-0,303;2,649;67,174;99,240;363,521;0,000;1,415;6276,129;60,271;13,181;22,896;6,844;88,296;37,589;2,697;26,047;0,768;21,767;5698488,305;12;12
20241010133729_Y9_X5;18,566;162,478;0,318;735,188;0,7804;22,958;-0,255;2,674;76,053;86,424;439,960;0,000;1,444;6285,275;59,947;13,783;23,908;8,963;88,676;39,035;2,806;27,698;0,723;21,662;5698488,305;12;12
20241010133729_Y9_X6;18,897;177,434;0,352;685,621;0,6846;23,471;-0,292;2,712;94,329;83,105;485,517;0,000;1,342;5996,295;60,049;15,198;25,162;8,303;87,254;40,206;3,013;27,332;0,806;22,046;5698488,305;12;12
20241010133729_Y9_X7;19,727;209,184;0,442;659,796;0,6311;24,481;-0,252;2,730;107,544;101,640;517,075;0,000;1,281;5897,271;63,547;15,913;26,087;8,668;88,522;42,162;3,071;29,097;0,828;22,744;5698488,305;12;12
20241010133729_Y9_X8;21,844;192,860;0,501;698,539;0,7035;26,624;-0,350;2,652;93,027;99,833;528,911;0,000;1,364;6064,539;74,800;12,514;29,011;5,242;90,070;42,443;3,262;30,817;0,773;25,464;5698488,305;12;12
20241010133729_Y9_X9;22,571;257,498;0,487;710,586;0,7248;27,795;-0,243;2,571;121,709;135,789;520,998;90,000;1,385;6162,331;70,340;18,088;27,210;8,719;86,535;48,034;3,235;33,112;0,943;27,124;5698488,305;12;12
20241010133729_Y9_X10;25,060;210,194;0,465;448,016;0,2869;30,169;-0,238;2,360;114,716;95,478;505,449;90,000;0,841;3823,403;86,682;13,772;25,570;5,190;89,913;49,038;3,244;36,013;0,877;30,548;5698488,305;12;12
20241010133729_Y9_X11;26,583;204,787;0,475;596,599;0,5158;31,856;-0,240;2,351;97,824;106,963;521,911;90,000;1,151;5241,745;89,842;15,622;28,102;5,163;89,512;51,603;3,264;37,824;0,953;32,658;5698488,305;12;12
20241010133729_Y10_X1;23,169;292,757;0,213;715,350;0,7283;27,537;-0,163;2,224;105,569;187,189;300,010;0,000;1,390;5712,767;87,011;12,614;17,164;3,269;92,866;45,790;2,821;33,047;0,783;27,871;5698488,305;12;12
20241010133729_Y10_X2;22,260;272,156;0,222;720,683;0,7580;26,812;-0,275;2,334;176,136;96,019;312,952;0,000;1,421;5878,628;76,252;10,330;21,873;4,966;88,721;42,179;2,903;32,058;0,687;27,646;5698488,305;12;12
20241010133729_Y10_X3;21,030;179,280;0,227;698,792;0,7008;25,605;-0,288;2,507;83,660;95,621;318,931;0,000;1,358;5964,284;67,226;13,486;23,825;7,035;86,646;40,929;2,813;30,388;0,767;26,043;5698488,305;12;12
20241010133729_Y10_X4;20,411;181,151;0,249;721,298;0,7424;24,823;-0,253;2,473;88,425;92,725;349,321;0,000;1,400;6138,059;66,286;12,670;22,469;7,144;87,510;40,233;2,720;30,029;0,713;25,047;5698488,305;12;12
20241010133729_Y10_X5;20,410;174,146;0,291;718,385;0,7400;25,229;-0,325;2,694;73,602;100,543;405,491;0,000;1,402;6225,650;65,316;14,072;26,370;8,288;87,404;41,787;3,185;29,817;0,768;24,004;5698488,305;12;12
20241010133729_Y10_X6;21,037;176,688;0,314;696,391;0,6927;25,951;-0,296;2,752;70,319;106,369;433,747;0,000;1,349;6135,948;69,443;14,049;28,228;8,498;90,036;44,054;3,196;31,149;0,760;24,114;5698488,305;12;12
20241010133729_Y10_X7;21,727;291,706;0,350;683,765;0,6782;26,644;-0,250;2,618;174,193;117,513;483,618;0,000;1,335;6039,387;72,574;15,121;26,818;7,337;89,670;45,117;3,128;31,940;0,841;25,456;5698488,305;12;12
20241010133729_Y10_X8;22,089;379,647;0,411;687,975;0,7730;27,479;-0,011;3,858;283,782;95,865;497,466;0,000;1,438;5866,140;73,756;21,099;26,258;7,593;89,260;48,676;3,355;32,022;1,114;25,029;5698488,305;12;12
20241010133729_Y10_X9;23,227;203,612;0,516;762,587;0,8139;28,539;-0,265;2,561;98,615;104,997;539,183;0,000;1,471;6404,174;77,373;15,019;27,729;7,729;88,667;48,039;3,521;34,250;0,867;27,218;5698488,305;12;12
20241010133729_Y10_X10;24,582;211,872;0,491;699,882;0,6996;29,937;-0,217;2,495;107,399;104,472;520,757;90,000;1,359;5959,535;84,859;17,583;26,463;5,853;90,004;50,488;3,503;35,340;0,968;28,826;5698488,305;12;12
20241010133729_Y10_X11;26,869;231,428;0,510;668,610;0,6507;32,235;-0,146;2,358;113,281;118,147;547,109;90,000;1,307;5800,886;97,183;15,847;25,489;5,253;92,420;54,735;3,434;39,784;0,955;31,552;5698488,305;12;12
20241010133729_Y11_X1;26,533;195,909;0,219;726,723;0,7436;31,311;-0,246;2,165;81,163;114,745;309,756;0,000;1,408;5506,629;87,408;10,623;23,496;4,340;86,954;46,962;3,069;37,616;0,744;33,108;5698488,305;12;12
20241010133729_Y11_X2;24,532;183,270;0,228;781,160;0,8550;29,003;-0,206;2,172;85,385;97,885;322,439;0,000;1,512;6031,120;80,969;11,912;21,692;5,086;87,881;45,489;2,732;35,028;0,788;30,541;5698488,305;12;12
20241010133729_Y11_X3;23,519;194,978;0,238;761,550;0,8275;28,204;-0,326;2,365;83,636;111,342;335,191;0,000;1,488;6100,595;76,399;10,953;25,926;5,244;86,811;42,914;3,107;32,961;0,736;28,999;5698488,305;12;12
20241010133729_Y11_X4;23,098;229,796;0,247;736,627;0,7818;27,682;-0,149;2,409;102,939;126,857;348,336;0,000;1,444;6075,971;81,029;15,246;20,356;4,955;91,114;45,575;2,675;33,397;0,878;28,334;5698488,305;12;12
20241010133729_Y11_X5;21,929;197,634;0,267;727,636;0,7635;26,657;-0,221;2,501;83,451;114,183;374,371;0,000;1,424;6204,368;70,274;15,886;24,272;7,862;87,302;44,753;2,958;32,076;0,892;26,481;5698488,305;12;12
20241010133729_Y11_X6;22,611;204,783;0,302;718,747;0,7319;27,678;-0,256;2,589;98,582;106,201;420,168;0,000;1,392;6180,623;75,247;14,292;27,216;7,605;89,456;45,899;3,189;33,739;0,797;26,869;5698488,305;12;12
20241010133729_Y11_X7;22,501;174,748;0,337;647,947;0,6024;27,674;-0,219;2,568;79,856;94,893;467,261;0,000;1,253;5777,317;73,732;16,610;26,741;8,749;89,000;48,362;3,244;33,726;0,895;26,550;5698488,305;12;12
20241010133729_Y11_X8;23,490;198,011;0,337;705,319;0,7038;28,934;-0,261;2,578;91,925;106,086;464,553;0,000;1,360;6147,029;76,360;14,934;27,460;8,993;87,905;48,282;3,584;35,419;0,789;27,594;5698488,305;12;12
20241010133729_Y11_X9;24,533;194,090;0,425;724,908;0,7268;30,290;-0,158;2,609;95,817;98,273;524,817;0,000;1,384;6110,797;80,388;21,338;29,450;8,990;89,343;54,661;3,547;36,949;1,117;28,408;5698488,305;12;12
20241010133729_Y11_X10;24,997;218,609;0,499;713,558;0,7166;30,979;-0,238;2,680;109,532;109,076;521,638;0,000;1,376;6079,313;78,714;20,339;31,137;8,997;87,313;52,026;3,766;36,639;1,061;29,438;5698488,305;12;12
20241010133729_Y11_X11;26,745;232,486;0,512;597,358;0,5151;32,483;-0,227;2,522;107,007;125,478;542,698;90,000;1,150;5476,377;92,775;17,136;29,885;6,186;90,785;55,131;3,697;38,697;1,045;31,344;5698488,305;12;12